event_id;customer_id;event_date;event_type
E0001725;C001725;2019-01-02;activation
E0000054;C000054;2019-01-03;activation
E0000875;C000875;2019-01-04;activation
E0000961;C000961;2019-01-04;activation
E0001534;C001534;2019-01-05;activation
E0000834;C000834;2019-01-06;activation
E0000200;C000200;2019-01-08;activation
E0001430;C001430;2019-01-08;activation
E0000351;C000351;2019-01-16;activation
E0001601;C001601;2019-01-17;activation
E0000425;C000425;2019-01-18;activation
E0001224;C001224;2019-01-18;activation
E0001697;C001697;2019-01-18;activation
E0001458;C001458;2019-01-19;activation
E0000068;C000068;2019-01-21;activation
E0000109;C000109;2019-01-25;activation
E0000210;C000210;2019-01-25;activation
E0000503;C000503;2019-01-26;activation
E0000708;C000708;2019-01-26;activation
E0000795;C000795;2019-01-26;activation
E0000099;C000099;2019-01-28;activation
E0000309;C000309;2019-01-28;activation
E0000846;C000846;2019-01-28;activation
E0000277;C000277;2019-02-02;activation
E0001238;C001238;2019-02-02;activation
E0000667;C000667;2019-02-04;activation
E0001217;C001217;2019-02-04;activation
E0000851;C000851;2019-02-06;activation
E0001522;C001522;2019-02-07;activation
E0001047;C001047;2019-02-08;activation
E0000409;C000409;2019-02-09;activation
E0001666;C001666;2019-02-10;activation
E0000079;C000079;2019-02-11;activation
E0001484;C001484;2019-02-12;activation
E0001859;C001859;2019-02-12;activation
E0000714;C000714;2019-02-13;activation
E0001618;C001618;2019-02-14;activation
E0001026;C001026;2019-02-18;activation
E0001588;C001588;2019-02-18;activation
E0001744;C001744;2019-02-19;activation
E0001269;C001269;2019-02-21;activation
E0001466;C001466;2019-02-21;activation
E0000445;C000445;2019-02-23;activation
E0001297;C001297;2019-02-23;activation
E0000350;C000350;2019-02-25;activation
E0001689;C001689;2019-02-25;activation
E0000122;C000122;2019-02-26;activation
E0001395;C001395;2019-02-26;activation
E0000144;C000144;2019-02-28;activation
E0000828;C000828;2019-02-28;activation
E0000412;C000412;2019-03-01;activation
E0000132;C000132;2019-03-06;activation
E0001072;C001072;2019-03-06;activation
E0001959;C001959;2019-03-11;activation
E0000305;C000305;2019-03-12;activation
E0000941;C000941;2019-03-12;activation
E0000670;C000670;2019-03-13;activation
E0000066;C000066;2019-03-15;activation
E0000516;C000516;2019-03-15;activation
E0000801;C000801;2019-03-18;activation
E0001908;C001908;2019-03-20;activation
E0000071;C000071;2019-03-21;activation
E0000055;C000055;2019-03-22;activation
E0001180;C001180;2019-03-22;activation
E0001948;C001948;2019-03-26;activation
E0000395;C000395;2019-03-27;activation
E0000679;C000679;2019-03-27;activation
E0001496;C001496;2019-03-29;activation
E0001079;C001079;2019-03-30;activation
E0001728;C001728;2019-03-30;activation
E0000441;C000441;2019-04-01;activation
E0000907;C000907;2019-04-01;activation
E0001041;C001041;2019-04-02;activation
E0001446;C001446;2019-04-05;activation
E0000155;C000155;2019-04-07;activation
E0001856;C001856;2019-04-07;activation
E0000934;C000934;2019-04-08;activation
E0000767;C000767;2019-04-10;activation
E0000822;C000822;2019-04-11;activation
E0000361;C000361;2019-04-13;activation
E0000893;C000893;2019-04-13;activation
E0000064;C000064;2019-04-14;activation
E0001002;C001002;2019-04-15;activation
E0000230;C000230;2019-04-16;activation
E0000617;C000617;2019-04-16;activation
E0000045;C000045;2019-04-19;activation
E0001704;C001704;2019-04-19;activation
E0000467;C000467;2019-04-21;activation
E0000729;C000729;2019-04-21;activation
E0001067;C001067;2019-04-21;activation
E0001444;C001444;2019-04-21;activation
E0000715;C000715;2019-04-24;activation
E0000001;C000001;2019-04-26;activation
E0000314;C000314;2019-04-27;activation
E0000882;C000882;2019-04-27;activation
E0001193;C001193;2019-04-28;activation
E0000397;C000397;2019-04-29;activation
E0000647;C000647;2019-04-29;activation
E0001612;C001612;2019-05-02;activation
E0000136;C000136;2019-05-04;activation
E0000971;C000971;2019-05-04;activation
E0001137;C001137;2019-05-04;activation
E0000866;C000866;2019-05-05;activation
E0001718;C001718;2019-05-06;activation
E0000471;C000471;2019-05-09;activation
E0000514;C000514;2019-05-10;activation
E0000247;C000247;2019-05-12;activation
E0000652;C000652;2019-05-12;activation
E0001226;C001226;2019-05-12;activation
E0000268;C000268;2019-05-13;activation
E0001851;C001851;2019-05-13;activation
E0001306;C001306;2019-05-15;activation
E0000137;C000137;2019-05-18;activation
E0000437;C000437;2019-05-18;activation
E0001345;C001345;2019-05-18;activation
E0000497;C000497;2019-05-21;activation
E0000544;C000544;2019-05-24;activation
E0001906;C001906;2019-05-25;activation
E0000997;C000997;2019-05-26;activation
E0000294;C000294;2019-05-27;activation
E0001017;C001017;2019-05-27;activation
E0001332;C001332;2019-05-28;activation
E0001867;C001867;2019-05-28;activation
E0001887;C001887;2019-05-28;activation
E0000552;C000552;2019-05-29;activation
E0001289;C001289;2019-05-29;activation
E0001167;C001167;2019-05-31;activation
E0000779;C000779;2019-06-01;activation
E0001775;C001775;2019-06-02;activation
E0000649;C000649;2019-06-03;activation
E0001333;C001333;2019-06-04;activation
E0001294;C001294;2019-06-06;activation
E0001085;C001085;2019-06-07;activation
E0000853;C000853;2019-06-08;activation
E0001980;C001980;2019-06-09;activation
E0001424;C001424;2019-06-10;activation
E0001055;C001055;2019-06-11;activation
E0001205;C001205;2019-06-12;activation
E0000084;C000084;2019-06-13;activation
E0000123;C000123;2019-06-13;activation
E0001487;C001487;2019-06-14;activation
E0001645;C001645;2019-06-14;activation
E0000928;C000928;2019-06-15;activation
E0001296;C001296;2019-06-19;activation
E0000423;C000423;2019-06-23;activation
E0001644;C001644;2019-06-23;activation
E0001714;C001714;2019-06-23;activation
E0000938;C000938;2019-06-24;activation
E0000881;C000881;2019-06-29;activation
E0000131;C000131;2019-06-30;activation
E0001159;C001159;2019-07-01;activation
E0000086;C000086;2019-07-02;activation
E0000662;C000662;2019-07-03;activation
E0001326;C001326;2019-07-06;activation
E0000659;C000659;2019-07-08;activation
E0000874;C000874;2019-07-12;activation
E0001256;C001256;2019-07-12;activation
E0000813;C000813;2019-07-13;activation
E0000243;C000243;2019-07-14;activation
E0000807;C000807;2019-07-16;activation
E0001785;C001785;2019-07-16;activation
E0000057;C000057;2019-07-17;activation
E0000097;C000097;2019-07-17;activation
E0001303;C001303;2019-07-21;activation
E0001590;C001590;2019-07-23;activation
E0000276;C000276;2019-07-24;activation
E0001910;C001910;2019-07-26;activation
E0001878;C001878;2019-07-27;activation
E0000580;C000580;2019-07-28;activation
E0000979;C000979;2019-07-30;activation
E0000492;C000492;2019-08-01;activation
E0001300;C001300;2019-08-03;activation
E0000469;C000469;2019-08-04;activation
E0001607;C001607;2019-08-07;activation
E0000145;C000145;2019-08-09;activation
E0000601;C000601;2019-08-12;activation
E0000098;C000098;2019-08-13;activation
E0000855;C000855;2019-08-14;activation
E0001525;C001525;2019-08-14;activation
E0001630;C001630;2019-08-15;activation
E0000096;C000096;2019-08-17;activation
E0000559;C000559;2019-08-17;activation
E0001594;C001594;2019-08-18;activation
E0000754;C000754;2019-08-21;activation
E0001278;C001278;2019-08-21;activation
E0000017;C000017;2019-08-22;activation
E0001155;C001155;2019-08-22;activation
E0001527;C001527;2019-08-22;activation
E0001648;C001648;2019-08-22;activation
E0001578;C001578;2019-08-23;activation
E0001967;C001967;2019-08-26;activation
E0001739;C001739;2019-09-01;activation
E0001833;C001833;2019-09-04;activation
E0001048;C001048;2019-09-06;activation
E0001479;C001479;2019-09-06;activation
E0001020;C001020;2019-09-08;activation
E0001331;C001331;2019-09-09;activation
E0001447;C001447;2019-09-09;activation
E0000047;C000047;2019-09-12;activation
E0000167;C000167;2019-09-12;activation
E0000799;C000799;2019-09-12;activation
E0001892;C001892;2019-09-12;activation
E0001371;C001371;2019-09-15;activation
E0001564;C001564;2019-09-16;activation
E0000408;C000408;2019-09-19;activation
E0000094;C000094;2019-09-20;activation
E0000407;C000407;2019-09-20;activation
E0000521;C000521;2019-09-21;activation
E0001883;C001883;2019-09-22;activation
E0000596;C000596;2019-09-23;activation
E0001982;C001982;2019-09-23;activation
E0000820;C000820;2019-09-24;activation
E0000903;C000903;2019-09-24;activation
E0000742;C000742;2019-09-25;activation
E0001651;C001651;2019-09-25;activation
E0001260;C001260;2019-09-26;activation
E0001555;C001555;2019-09-26;activation
E0001470;C001470;2019-09-28;activation
E0000174;C000174;2019-09-29;activation
E0000787;C000787;2019-09-30;activation
E0000303;C000303;2019-10-05;activation
E0000129;C000129;2019-10-06;activation
E0001778;C001778;2019-10-07;activation
E0000476;C000476;2019-10-08;activation
E0001937;C001937;2019-10-08;activation
E0000936;C000936;2019-10-09;activation
E0001319;C001319;2019-10-09;activation
E0001464;C001464;2019-10-13;activation
E0000390;C000390;2019-10-17;activation
E0000300;C000300;2019-10-18;activation
E0000783;C000783;2019-10-19;activation
E0000983;C000983;2019-10-19;activation
E0001837;C001837;2019-10-20;activation
E0000346;C000346;2019-10-21;activation
E0000914;C000914;2019-10-21;activation
E0001664;C001664;2019-10-21;activation
E0001090;C001090;2019-10-23;activation
E0001168;C001168;2019-10-26;activation
E0000261;C000261;2019-10-27;activation
E0000763;C000763;2019-10-27;activation
E0001220;C001220;2019-10-28;activation
E0001898;C001898;2019-10-28;activation
E0001575;C001575;2019-10-29;activation
E0001234;C001234;2019-10-30;activation
E0000505;C000505;2019-11-02;activation
E0001508;C001508;2019-11-03;activation
E0000216;C000216;2019-11-04;activation
E0000605;C000605;2019-11-04;activation
E0000951;C000951;2019-11-04;activation
E0000982;C000982;2019-11-06;activation
E0000624;C000624;2019-11-07;activation
E0000913;C000913;2019-11-07;activation
E0001643;C001643;2019-11-07;activation
E0001916;C001916;2019-11-07;activation
E0000788;C000788;2019-11-09;activation
E0001052;C001052;2019-11-09;activation
E0000996;C000996;2019-11-10;activation
E0000296;C000296;2019-11-11;activation
E0000120;C000120;2019-11-14;activation
E0000819;C000819;2019-11-14;activation
E0001574;C001574;2019-11-14;activation
E0001247;C001247;2019-11-16;activation
E0001348;C001348;2019-11-16;activation
E0001398;C001398;2019-11-17;activation
E0001890;C001890;2019-11-18;activation
E0000920;C000920;2019-11-20;activation
E0001789;C001789;2019-11-20;activation
E0001712;C001712;2019-11-21;activation
E0001252;C001252;2019-11-23;activation
E0000186;C000186;2019-11-24;activation
E0000720;C000720;2019-11-25;activation
E0001647;C001647;2019-11-25;activation
E0000946;C000946;2019-11-29;activation
E0000953;C000953;2019-12-04;activation
E0001001;C001001;2019-12-04;activation
E0000138;C000138;2019-12-05;activation
E0000567;C000567;2019-12-05;activation
E0000286;C000286;2019-12-08;activation
E0000775;C000775;2019-12-09;activation
E0001340;C001340;2019-12-11;activation
E0000517;C000517;2019-12-14;activation
E0000889;C000889;2019-12-15;activation
E0000006;C000006;2019-12-18;activation
E0001125;C001125;2019-12-19;activation
E0001961;C001961;2019-12-20;activation
E0000587;C000587;2019-12-21;activation
E0000992;C000992;2019-12-21;activation
E0000392;C000392;2019-12-24;activation
E0000588;C000588;2019-12-25;activation
E0001170;C001170;2019-12-25;activation
E0000804;C000804;2019-12-26;activation
E0001021;C001021;2019-12-26;activation
E0001761;C001761;2019-12-26;activation
E0000053;C000053;2019-12-29;activation
E0000984;C000984;2019-12-29;activation
E0001958;C001958;2019-12-29;activation
E0000298;C000298;2019-12-30;activation
E0001531;C001531;2020-01-01;activation
E0000553;C000553;2020-01-02;activation
E0000909;C000909;2020-01-02;activation
E0001862;C001862;2020-01-04;activation
E0001400;C001400;2020-01-06;activation
E0000030;C000030;2020-01-09;activation
E0000222;C000222;2020-01-10;activation
E0000381;C000381;2020-01-12;activation
E0001195;C001195;2020-01-16;activation
E0000766;C000766;2020-01-18;activation
E0001509;C001509;2020-01-18;activation
E0000676;C000676;2020-01-20;activation
E0000960;C000960;2020-01-20;activation
E0001570;C001570;2020-01-20;activation
E0001770;C001770;2020-01-20;activation
E0001957;C001957;2020-01-21;activation
E0001267;C001267;2020-01-22;activation
E0000977;C000977;2020-01-24;activation
E0001771;C001771;2020-01-27;activation
E0000110;C000110;2020-01-28;activation
E0000725;C000725;2020-01-30;activation
E0000702;C000702;2020-02-02;activation
E0000306;C000306;2020-02-03;activation
E0000315;C000315;2020-02-03;activation
E0001965;C001965;2020-02-03;activation
E0001442;C001442;2020-02-04;activation
E0001737;C001737;2020-02-05;activation
E0001004;C001004;2020-02-06;activation
E0001209;C001209;2020-02-06;activation
E0000008;C000008;2020-02-07;activation
E0000839;C000839;2020-02-07;activation
E0001163;C001163;2020-02-09;activation
E0001876;C001876;2020-02-10;activation
E0001994;C001994;2020-02-10;activation
E0000650;C000650;2020-02-13;activation
E0001899;C001899;2020-02-13;activation
E0000479;C000479;2020-02-14;activation
E0000279;C000279;2020-02-15;activation
E0000444;C000444;2020-02-15;activation
E0001983;C001983;2020-02-15;activation
E0001781;C001781;2020-02-16;activation
E0000128;C000128;2020-02-19;activation
E0000422;C000422;2020-02-20;activation
E0001977;C001977;2020-02-20;activation
E0001976;C001976;2020-02-22;activation
E0001460;C001460;2020-02-23;activation
E0001874;C001874;2020-02-24;activation
E0001942;C001942;2020-02-25;activation
E0000076;C000076;2020-02-26;activation
E0000297;C000297;2020-02-26;activation
E0000723;C000723;2020-02-26;activation
E0001283;C001283;2020-02-27;activation
E0000571;C000571;2020-02-28;activation
E0000959;C000959;2020-03-01;activation
E0000228;C000228;2020-03-02;activation
E0000709;C000709;2020-03-02;activation
E0001540;C001540;2020-03-03;activation
E0001788;C001788;2020-03-03;activation
E0000562;C000562;2020-03-04;activation
E0000607;C000607;2020-03-05;activation
E0001762;C001762;2020-03-06;activation
E0000046;C000046;2020-03-07;activation
E0000630;C000630;2020-03-09;activation
E0000149;C000149;2020-03-10;activation
E0001156;C001156;2020-03-13;activation
E0001397;C001397;2020-03-14;activation
E0001929;C001929;2020-03-15;activation
E0000973;C000973;2020-03-17;activation
E0001500;C001500;2020-03-17;activation
E0001330;C001330;2020-03-18;activation
E0001551;C001551;2020-03-19;activation
E0000461;C000461;2020-03-20;activation
E0000383;C000383;2020-03-21;activation
E0001023;C001023;2020-03-23;activation
E0001891;C001891;2020-03-23;activation
E0000923;C000923;2020-03-24;activation
E0001584;C001584;2020-03-25;activation
E0001861;C001861;2020-03-28;activation
E0001263;C001263;2020-03-29;activation
E0000074;C000074;2020-03-30;activation
E0001320;C001320;2020-03-30;activation
E0000657;C000657;2020-04-06;activation
E0001483;C001483;2020-04-07;activation
E0000452;C000452;2020-04-09;activation
E0000790;C000790;2020-04-09;activation
E0000242;C000242;2020-04-10;activation
E0000152;C000152;2020-04-13;activation
E0001309;C001309;2020-04-13;activation
E0001834;C001834;2020-04-13;activation
E0001240;C001240;2020-04-18;activation
E0001494;C001494;2020-04-18;activation
E0000480;C000480;2020-04-19;activation
E0001869;C001869;2020-04-20;activation
E0001769;C001769;2020-04-21;activation
E0001015;C001015;2020-04-22;activation
E0001279;C001279;2020-04-22;activation
E0001823;C001823;2020-04-25;activation
E0000398;C000398;2020-04-26;activation
E0001492;C001492;2020-04-26;activation
E0000134;C000134;2020-04-27;activation
E0001027;C001027;2020-04-27;activation
E0000284;C000284;2020-04-30;activation
E0001649;C001649;2020-05-05;activation
E0000899;C000899;2020-05-08;activation
E0000911;C000911;2020-05-08;activation
E0001683;C001683;2020-05-09;activation
E0001632;C001632;2020-05-12;activation
E0000884;C000884;2020-05-14;activation
E0001399;C001399;2020-05-14;activation
E0000707;C000707;2020-05-15;activation
E0000377;C000377;2020-05-16;activation
E0000159;C000159;2020-05-17;activation
E0000564;C000564;2020-05-18;activation
E0000805;C000805;2020-05-20;activation
E0000546;C000546;2020-05-21;activation
E0001954;C001954;2020-05-22;activation
E0000075;C000075;2020-05-24;activation
E0000478;C000478;2020-05-26;activation
E0001759;C001759;2020-05-26;activation
E0001841;C001841;2020-05-26;activation
E0000130;C000130;2020-05-28;activation
E0001710;C001710;2020-05-28;activation
E0001355;C001355;2020-05-29;activation
E0001695;C001695;2020-05-31;activation
E0001285;C001285;2020-06-01;activation
E0001197;C001197;2020-06-03;activation
E0001505;C001505;2020-06-03;activation
E0001135;C001135;2020-06-04;activation
E0001548;C001548;2020-06-04;activation
E0001498;C001498;2020-06-06;activation
E0000466;C000466;2020-06-09;activation
E0000865;C000865;2020-06-11;activation
E0001602;C001602;2020-06-12;activation
E0001989;C001989;2020-06-14;activation
E0000954;C000954;2020-06-15;activation
E0000285;C000285;2020-06-16;activation
E0000460;C000460;2020-06-20;activation
E0000511;C000511;2020-06-21;activation
E0000761;C000761;2020-06-21;activation
E0001432;C001432;2020-06-21;activation
E0001375;C001375;2020-06-24;activation
E0001912;C001912;2020-06-24;activation
E0000664;C000664;2020-06-26;activation
E0000063;C000063;2020-06-28;activation
E0001521;C001521;2020-06-28;activation
E0001621;C001621;2020-06-29;activation
E0001604;C001604;2020-07-01;activation
E0001190;C001190;2020-07-02;activation
E0001721;C001721;2020-07-03;activation
E0000489;C000489;2020-07-04;activation
E0000012;C000012;2020-07-07;activation
E0001365;C001365;2020-07-10;activation
E0001087;C001087;2020-07-11;activation
E0000526;C000526;2020-07-13;activation
E0001381;C001381;2020-07-13;activation
E0001754;C001754;2020-07-16;activation
E0000265;C000265;2020-07-19;activation
E0000603;C000603;2020-07-19;activation
E0000007;C000007;2020-07-22;activation
E0000506;C000506;2020-07-23;activation
E0000612;C000612;2020-07-24;activation
E0001995;C001995;2020-07-25;activation
E0001457;C001457;2020-07-27;activation
E0000240;C000240;2020-07-28;activation
E0000840;C000840;2020-07-28;activation
E0000197;C000197;2020-07-29;activation
E0001242;C001242;2020-07-29;activation
E0001353;C001353;2020-08-01;activation
E0001894;C001894;2020-08-01;activation
E0000396;C000396;2020-08-04;activation
E0000044;C000044;2020-08-07;activation
E0001641;C001641;2020-08-07;activation
E0000970;C000970;2020-08-08;activation
E0001502;C001502;2020-08-08;activation
E0000711;C000711;2020-08-13;activation
E0001281;C001281;2020-08-13;activation
E0001437;C001437;2020-08-15;activation
E0001733;C001733;2020-08-15;activation
E0001038;C001038;2020-08-18;activation
E0001655;C001655;2020-08-19;activation
E0001740;C001740;2020-08-20;activation
E0001507;C001507;2020-08-26;activation
E0000944;C000944;2020-08-27;activation
E0001476;C001476;2020-08-27;activation
E0000972;C000972;2020-08-28;activation
E0000538;C000538;2020-08-30;activation
E0000900;C000900;2020-09-01;activation
E0001940;C001940;2020-09-01;activation
E0001377;C001377;2020-09-02;activation
E0000595;C000595;2020-09-03;activation
E0000892;C000892;2020-09-03;activation
E0001463;C001463;2020-09-03;activation
E0000457;C000457;2020-09-04;activation
E0000629;C000629;2020-09-05;activation
E0000082;C000082;2020-09-06;activation
E0001924;C001924;2020-09-06;activation
E0001933;C001933;2020-09-06;activation
E0001900;C001900;2020-09-07;activation
E0000365;C000365;2020-09-13;activation
E0001060;C001060;2020-09-13;activation
E0000447;C000447;2020-09-14;activation
E0000905;C000905;2020-09-14;activation
E0001379;C001379;2020-09-14;activation
E0000083;C000083;2020-09-16;activation
E0001172;C001172;2020-09-16;activation
E0000556;C000556;2020-09-17;activation
E0001262;C001262;2020-09-17;activation
E0001884;C001884;2020-09-18;activation
E0001559;C001559;2020-09-20;activation
E0000856;C000856;2020-09-22;activation
E0001657;C001657;2020-09-22;activation
E0001763;C001763;2020-09-23;activation
E0000059;C000059;2020-09-24;activation
E0001896;C001896;2020-09-24;activation
E0000401;C000401;2020-09-25;activation
E0001615;C001615;2020-09-25;activation
E0001286;C001286;2020-09-27;activation
E0001573;C001573;2020-09-27;activation
E0001598;C001598;2020-09-28;activation
E0001268;C001268;2020-09-29;activation
E0001080;C001080;2020-09-30;activation
E0000031;C000031;2020-10-01;activation
E0000827;C000827;2020-10-01;activation
E0000049;C000049;2020-10-04;activation
E0000352;C000352;2020-10-10;activation
E0001181;C001181;2020-10-10;activation
E0000641;C000641;2020-10-12;activation
E0000687;C000687;2020-10-13;activation
E0001847;C001847;2020-10-13;activation
E0001063;C001063;2020-10-14;activation
E0000463;C000463;2020-10-18;activation
E0000384;C000384;2020-10-19;activation
E0000039;C000039;2020-10-20;activation
E0000568;C000568;2020-10-20;activation
E0001622;C001622;2020-10-20;activation
E0001084;C001084;2020-10-22;activation
E0000609;C000609;2020-10-24;activation
E0000518;C000518;2020-10-25;activation
E0000338;C000338;2020-10-29;activation
E0000880;C000880;2020-10-29;activation
E0000088;C000088;2020-10-31;activation
E0000179;C000179;2020-10-31;activation
E0001013;C001013;2020-10-31;activation
E0001684;C001684;2020-10-31;activation
E0001990;C001990;2020-10-31;activation
E0000802;C000802;2020-11-01;activation
E0001147;C001147;2020-11-01;activation
E0001301;C001301;2020-11-02;activation
E0000824;C000824;2020-11-05;activation
E0000589;C000589;2020-11-07;activation
E0000378;C000378;2020-11-08;activation
E0001129;C001129;2020-11-09;activation
E0001311;C001311;2020-11-09;activation
E0000769;C000769;2020-11-10;activation
E0001661;C001661;2020-11-14;activation
E0001686;C001686;2020-11-14;activation
E0000854;C000854;2020-11-15;activation
E0000217;C000217;2020-11-17;activation
E0000740;C000740;2020-11-17;activation
E0001334;C001334;2020-11-19;activation
E0000328;C000328;2020-11-22;activation
E0000784;C000784;2020-11-23;activation
E0001767;C001767;2020-11-23;activation
E0001045;C001045;2020-11-24;activation
E0001674;C001674;2020-11-24;activation
E0001092;C001092;2020-11-25;activation
E0000293;C000293;2020-11-29;activation
E0001105;C001105;2020-12-01;activation
E0001668;C001668;2020-12-06;activation
E0001904;C001904;2020-12-07;activation
E0000105;C000105;2020-12-11;activation
E0001126;C001126;2020-12-11;activation
E0001403;C001403;2020-12-11;activation
E0000496;C000496;2020-12-12;activation
E0001177;C001177;2020-12-12;activation
E0000616;C000616;2020-12-13;activation
E0001316;C001316;2020-12-13;activation
E0001434;C001434;2020-12-14;activation
E0001025;C001025;2020-12-16;activation
E0001986;C001986;2020-12-16;activation
E0000683;C000683;2020-12-19;activation
E0001468;C001468;2020-12-19;activation
E0000073;C000073;2020-12-20;activation
E0000747;C000747;2020-12-25;activation
E0001950;C001950;2020-12-25;activation
E0000534;C000534;2020-12-27;activation
E0001157;C001157;2020-12-27;activation
E0001107;C001107;2020-12-29;activation
E0001993;C001993;2020-12-30;activation
E0000427;C000427;2020-12-31;activation
E0001864;C001864;2020-12-31;activation
E0000015;C000015;2021-01-03;activation
E0001109;C001109;2021-01-03;activation
E0000353;C000353;2021-01-05;activation
E0000841;C000841;2021-01-05;activation
E0001855;C001855;2021-01-06;activation
E0000037;C000037;2021-01-07;activation
E0000237;C000237;2021-01-08;activation
E0001292;C001292;2021-01-08;activation
E0001389;C001389;2021-01-08;activation
E0000013;C000013;2021-01-10;activation
E0000619;C000619;2021-01-10;activation
E0001595;C001595;2021-01-11;activation
E0000245;C000245;2021-01-12;activation
E0000966;C000966;2021-01-12;activation
E0000980;C000980;2021-01-12;activation
E0000810;C000810;2021-01-16;activation
E0001749;C001749;2021-01-16;activation
E0001897;C001897;2021-01-17;activation
E0001121;C001121;2021-01-23;activation
E0000218;C000218;2021-01-25;activation
E0000287;C000287;2021-01-28;activation
E0001700;C001700;2021-01-31;activation
E0000085;C000085;2021-02-01;activation
E0001185;C001185;2021-02-01;activation
E0001811;C001811;2021-02-02;activation
E0000067;C000067;2021-02-03;activation
E0001907;C001907;2021-02-03;activation
E0001280;C001280;2021-02-06;activation
E0001577;C001577;2021-02-06;activation
E0000178;C000178;2021-02-08;activation
E0000633;C000633;2021-02-09;activation
E0001490;C001490;2021-02-13;activation
E0000705;C000705;2021-02-16;activation
E0000859;C000859;2021-02-16;activation
E0000038;C000038;2021-02-17;activation
E0000871;C000871;2021-02-17;activation
E0000146;C000146;2021-02-19;activation
E0001160;C001160;2021-02-19;activation
E0000403;C000403;2021-02-20;activation
E0000140;C000140;2021-02-21;activation
E0001782;C001782;2021-02-22;activation
E0001471;C001471;2021-02-24;activation
E0000223;C000223;2021-02-25;activation
E0000739;C000739;2021-02-28;activation
E0001182;C001182;2021-03-01;activation
E0001291;C001291;2021-03-01;activation
E0000743;C000743;2021-03-04;activation
E0001122;C001122;2021-03-05;activation
E0001339;C001339;2021-03-05;activation
E0000731;C000731;2021-03-06;activation
E0001742;C001742;2021-03-07;activation
E0000235;C000235;2021-03-10;activation
E0001356;C001356;2021-03-10;activation
E0001357;C001357;2021-03-10;activation
E0000310;C000310;2021-03-11;activation
E0000958;C000958;2021-03-14;activation
E0001040;C001040;2021-03-14;activation
E0000845;C000845;2021-03-15;activation
E0001140;C001140;2021-03-16;activation
E0001259;C001259;2021-03-16;activation
E0000835;C000835;2021-03-19;activation
E0001341;C001341;2021-03-19;activation
E0000341;C000341;2021-03-21;activation
E0001608;C001608;2021-03-21;activation
E0000947;C000947;2021-03-29;activation
E0001335;C001335;2021-03-29;activation
E0000987;C000987;2021-03-30;activation
E0000878;C000878;2021-04-01;activation
E0001685;C001685;2021-04-03;activation
E0000498;C000498;2021-04-05;activation
E0001854;C001854;2021-04-05;activation
E0001031;C001031;2021-04-06;activation
E0000376;C000376;2021-04-07;activation
E0000579;C000579;2021-04-08;activation
E0001019;C001019;2021-04-08;activation
E0000374;C000374;2021-04-09;activation
E0000323;C000323;2021-04-10;activation
E0000462;C000462;2021-04-11;activation
E0001973;C001973;2021-04-12;activation
E0001282;C001282;2021-04-14;activation
E0001858;C001858;2021-04-15;activation
E0000869;C000869;2021-04-16;activation
E0001034;C001034;2021-04-18;activation
E0001846;C001846;2021-04-19;activation
E0000358;C000358;2021-04-20;activation
E0000342;C000342;2021-04-21;activation
E0000414;C000414;2021-04-21;activation
E0001069;C001069;2021-04-21;activation
E0001014;C001014;2021-04-23;activation
E0000765;C000765;2021-04-24;activation
E0000379;C000379;2021-04-26;activation
E0001201;C001201;2021-04-26;activation
E0001662;C001662;2021-04-26;activation
E0001865;C001865;2021-04-27;activation
E0001104;C001104;2021-04-28;activation
E0000481;C000481;2021-04-29;activation
E0001438;C001438;2021-05-02;activation
E0000621;C000621;2021-05-05;activation
E0001780;C001780;2021-05-10;activation
E0000569;C000569;2021-05-11;activation
E0000836;C000836;2021-05-12;activation
E0001273;C001273;2021-05-12;activation
E0001613;C001613;2021-05-15;activation
E0001955;C001955;2021-05-17;activation
E0000255;C000255;2021-05-18;activation
E0000682;C000682;2021-05-18;activation
E0001481;C001481;2021-05-18;activation
E0000863;C000863;2021-05-21;activation
E0001255;C001255;2021-05-21;activation
E0001370;C001370;2021-05-21;activation
E0001722;C001722;2021-05-21;activation
E0001772;C001772;2021-05-21;activation
E0000029;C000029;2021-05-25;activation
E0000655;C000655;2021-05-25;activation
E0001143;C001143;2021-05-25;activation
E0001264;C001264;2021-05-27;activation
E0001469;C001469;2021-05-27;activation
E0000291;C000291;2021-05-28;activation
E0001619;C001619;2021-05-28;activation
E0000340;C000340;2021-05-29;activation
E0000531;C000531;2021-05-29;activation
E0000648;C000648;2021-05-29;activation
E0001414;C001414;2021-05-29;activation
E0001202;C001202;2021-05-30;activation
E0001510;C001510;2021-05-30;activation
E0000344;C000344;2021-05-31;activation
E0001497;C001497;2021-06-02;activation
E0001765;C001765;2021-06-02;activation
E0001952;C001952;2021-06-02;activation
E0000643;C000643;2021-06-04;activation
E0001518;C001518;2021-06-06;activation
E0001567;C001567;2021-06-08;activation
E0000816;C000816;2021-06-09;activation
E0001382;C001382;2021-06-09;activation
E0001786;C001786;2021-06-11;activation
E0000473;C000473;2021-06-13;activation
E0001049;C001049;2021-06-13;activation
E0000548;C000548;2021-06-14;activation
E0000124;C000124;2021-06-15;activation
E0000873;C000873;2021-06-15;activation
E0000482;C000482;2021-06-17;activation
E0001314;C001314;2021-06-18;activation
E0000976;C000976;2021-06-20;activation
E0000897;C000897;2021-06-22;activation
E0000290;C000290;2021-06-23;activation
E0001210;C001210;2021-06-24;activation
E0000594;C000594;2021-06-25;activation
E0001835;C001835;2021-06-25;activation
E0000380;C000380;2021-06-26;activation
E0000382;C000382;2021-06-26;activation
E0000089;C000089;2021-06-28;activation
E0000389;C000389;2021-06-29;activation
E0001011;C001011;2021-06-30;activation
E0001054;C001054;2021-06-30;activation
E0001707;C001707;2021-06-30;activation
E0001418;C001418;2021-07-01;activation
E0001730;C001730;2021-07-01;activation
E0001774;C001774;2021-07-04;activation
E0001095;C001095;2021-07-06;activation
E0000620;C000620;2021-07-08;activation
E0000364;C000364;2021-07-09;activation
E0000706;C000706;2021-07-09;activation
E0000785;C000785;2021-07-09;activation
E0001192;C001192;2021-07-10;activation
E0001290;C001290;2021-07-10;activation
E0001726;C001726;2021-07-11;activation
E0001315;C001315;2021-07-12;activation
E0000449;C000449;2021-07-15;activation
E0000530;C000530;2021-07-18;activation
E0000926;C000926;2021-07-19;activation
E0001127;C001127;2021-07-20;activation
E0000890;C000890;2021-07-21;activation
E0000499;C000499;2021-07-23;activation
E0000112;C000112;2021-07-24;activation
E0001491;C001491;2021-07-26;activation
E0000547;C000547;2021-07-27;activation
E0001829;C001829;2021-07-27;activation
E0000139;C000139;2021-07-29;activation
E0001284;C001284;2021-07-29;activation
E0000019;C000019;2021-07-30;activation
E0000359;C000359;2021-07-30;activation
E0001411;C001411;2021-08-04;activation
E0001741;C001741;2021-08-07;activation
E0000858;C000858;2021-08-08;activation
E0000347;C000347;2021-08-09;activation
E0001963;C001963;2021-08-09;activation
E0000645;C000645;2021-08-11;activation
E0001562;C001562;2021-08-11;activation
E0001606;C001606;2021-08-11;activation
E0001694;C001694;2021-08-11;activation
E0001270;C001270;2021-08-14;activation
E0001136;C001136;2021-08-15;activation
E0001542;C001542;2021-08-16;activation
E0001783;C001783;2021-08-16;activation
E0001141;C001141;2021-08-17;activation
E0000292;C000292;2021-08-18;activation
E0000188;C000188;2021-08-19;activation
E0001200;C001200;2021-08-19;activation
E0000698;C000698;2021-08-21;activation
E0001597;C001597;2021-08-21;activation
E0000762;C000762;2021-08-22;activation
E0000945;C000945;2021-08-22;activation
E0001984;C001984;2021-08-22;activation
E0000368;C000368;2021-08-24;activation
E0000283;C000283;2021-08-25;activation
E0000108;C000108;2021-08-27;activation
E0001440;C001440;2021-08-28;activation
E0001514;C001514;2021-09-01;activation
E0001857;C001857;2021-09-02;activation
E0001062;C001062;2021-09-03;activation
E0001441;C001441;2021-09-03;activation
E0001821;C001821;2021-09-06;activation
E0001624;C001624;2021-09-07;activation
E0000870;C000870;2021-09-09;activation
E0000817;C000817;2021-09-10;activation
E0000267;C000267;2021-09-11;activation
E0000671;C000671;2021-09-12;activation
E0000888;C000888;2021-09-12;activation
E0000964;C000964;2021-09-13;activation
E0001408;C001408;2021-09-13;activation
E0001537;C001537;2021-09-13;activation
E0001506;C001506;2021-09-14;activation
E0000282;C000282;2021-09-16;activation
E0000560;C000560;2021-09-16;activation
E0001216;C001216;2021-09-16;activation
E0001934;C001934;2021-09-19;activation
E0001114;C001114;2021-09-20;activation
E0001949;C001949;2021-09-20;activation
E0001928;C001928;2021-09-23;activation
E0000158;C000158;2021-09-24;activation
E0000411;C000411;2021-09-24;activation
E0001871;C001871;2021-09-24;activation
E0000488;C000488;2021-09-25;activation
E0000259;C000259;2021-09-26;activation
E0000535;C000535;2021-09-27;activation
E0000393;C000393;2021-09-28;activation
E0001203;C001203;2021-09-28;activation
E0001410;C001410;2021-09-30;activation
E0001631;C001631;2021-10-01;activation
E0000005;C000005;2021-10-02;activation
E0001288;C001288;2021-10-03;activation
E0000635;C000635;2021-10-05;activation
E0000273;C000273;2021-10-08;activation
E0000606;C000606;2021-10-10;activation
E0001626;C001626;2021-10-11;activation
E0001556;C001556;2021-10-12;activation
E0001565;C001565;2021-10-12;activation
E0000168;C000168;2021-10-14;activation
E0000420;C000420;2021-10-15;activation
E0000798;C000798;2021-10-15;activation
E0000696;C000696;2021-10-16;activation
E0001274;C001274;2021-10-18;activation
E0001845;C001845;2021-10-20;activation
E0001101;C001101;2021-10-21;activation
E0001801;C001801;2021-10-23;activation
E0000774;C000774;2021-10-25;activation
E0000458;C000458;2021-10-26;activation
E0000985;C000985;2021-10-26;activation
E0000336;C000336;2021-10-28;activation
E0000713;C000713;2021-10-28;activation
E0001075;C001075;2021-10-29;activation
E0000156;C000156;2021-10-31;activation
E0001057;C001057;2021-10-31;activation
E0000638;C000638;2021-11-01;activation
E0001146;C001146;2021-11-01;activation
E0001480;C001480;2021-11-01;activation
E0001947;C001947;2021-11-01;activation
E0000494;C000494;2021-11-02;activation
E0001945;C001945;2021-11-03;activation
E0001795;C001795;2021-11-07;activation
E0000830;C000830;2021-11-11;activation
E0000697;C000697;2021-11-12;activation
E0000955;C000955;2021-11-12;activation
E0000746;C000746;2021-11-15;activation
E0001587;C001587;2021-11-15;activation
E0000666;C000666;2021-11-16;activation
E0000821;C000821;2021-11-18;activation
E0000674;C000674;2021-11-21;activation
E0001391;C001391;2021-11-21;activation
E0000570;C000570;2021-11-24;activation
E0000522;C000522;2021-11-26;activation
E0000065;C000065;2021-12-01;activation
E0000744;C000744;2021-12-01;activation
E0000751;C000751;2021-12-01;activation
E0000818;C000818;2021-12-03;activation
E0001838;C001838;2021-12-04;activation
E0000313;C000313;2021-12-06;activation
E0000404;C000404;2021-12-06;activation
E0000226;C000226;2021-12-08;activation
E0000219;C000219;2021-12-09;activation
E0001600;C001600;2021-12-09;activation
E0000052;C000052;2021-12-13;activation
E0001030;C001030;2021-12-13;activation
E0000716;C000716;2021-12-16;activation
E0001672;C001672;2021-12-19;activation
E0001939;C001939;2021-12-20;activation
E0000490;C000490;2021-12-21;activation
E0000991;C000991;2021-12-21;activation
E0000663;C000663;2021-12-23;activation
E0001113;C001113;2021-12-25;activation
E0001350;C001350;2021-12-25;activation
E0001848;C001848;2021-12-25;activation
E0000020;C000020;2021-12-26;activation
E0001406;C001406;2021-12-26;activation
E0001642;C001642;2021-12-26;activation
E0000656;C000656;2021-12-27;activation
E0001099;C001099;2021-12-28;activation
E0001131;C001131;2021-12-29;activation
E0000189;C000189;2022-01-02;activation
E0001698;C001698;2022-01-03;activation
E0000776;C000776;2022-01-04;activation
E0000811;C000811;2022-01-05;activation
E0001881;C001881;2022-01-06;activation
E0000078;C000078;2022-01-11;activation
E0001138;C001138;2022-01-11;activation
E0001325;C001325;2022-01-12;activation
E0000628;C000628;2022-01-13;activation
E0001501;C001501;2022-01-13;activation
E0001654;C001654;2022-01-13;activation
E0001144;C001144;2022-01-14;activation
E0000515;C000515;2022-01-15;activation
E0001633;C001633;2022-01-17;activation
E0001687;C001687;2022-01-18;activation
E0001148;C001148;2022-01-19;activation
E0000339;C000339;2022-01-20;activation
E0000455;C000455;2022-01-20;activation
E0000486;C000486;2022-01-22;activation
E0000262;C000262;2022-01-25;activation
E0001302;C001302;2022-01-27;activation
E0000163;C000163;2022-01-28;activation
E0001852;C001852;2022-01-30;activation
E0000117;C000117;2022-01-31;activation
E0001708;C001708;2022-01-31;activation
E0001039;C001039;2022-02-01;activation
E0001346;C001346;2022-02-06;activation
E0001166;C001166;2022-02-07;activation
E0000172;C000172;2022-02-09;activation
E0001930;C001930;2022-02-11;activation
E0001705;C001705;2022-02-12;activation
E0000598;C000598;2022-02-16;activation
E0001413;C001413;2022-02-17;activation
E0000369;C000369;2022-02-18;activation
E0000485;C000485;2022-02-19;activation
E0001149;C001149;2022-02-19;activation
E0000917;C000917;2022-02-21;activation
E0001706;C001706;2022-02-25;activation
E0000528;C000528;2022-02-26;activation
E0000592;C000592;2022-02-27;activation
E0001456;C001456;2022-02-27;activation
E0001880;C001880;2022-02-27;activation
E0001093;C001093;2022-02-28;activation
E0001164;C001164;2022-03-01;activation
E0001822;C001822;2022-03-01;activation
E0000415;C000415;2022-03-03;activation
E0000391;C000391;2022-03-04;activation
E0001169;C001169;2022-03-06;activation
E0000348;C000348;2022-03-07;activation
E0000375;C000375;2022-03-09;activation
E0000550;C000550;2022-03-09;activation
E0001812;C001812;2022-03-09;activation
E0000270;C000270;2022-03-15;activation
E0000405;C000405;2022-03-15;activation
E0000757;C000757;2022-03-17;activation
E0000902;C000902;2022-03-18;activation
E0000593;C000593;2022-03-21;activation
E0001819;C001819;2022-03-21;activation
E0001557;C001557;2022-03-24;activation
E0000027;C000027;2022-03-27;activation
E0000302;C000302;2022-03-28;activation
E0000891;C000891;2022-03-28;activation
E0001803;C001803;2022-03-30;activation
E0000809;C000809;2022-04-01;activation
E0001012;C001012;2022-04-01;activation
E0001385;C001385;2022-04-01;activation
E0000260;C000260;2022-04-02;activation
E0000922;C000922;2022-04-02;activation
E0000741;C000741;2022-04-04;activation
E0000431;C000431;2022-04-05;activation
E0001207;C001207;2022-04-05;activation
E0000459;C000459;2022-04-06;activation
E0001321;C001321;2022-04-06;activation
E0001461;C001461;2022-04-06;activation
E0000301;C000301;2022-04-07;activation
E0000551;C000551;2022-04-07;activation
E0001489;C001489;2022-04-08;activation
E0000771;C000771;2022-04-10;activation
E0001103;C001103;2022-04-11;activation
E0001482;C001482;2022-04-11;activation
E0000051;C000051;2022-04-13;activation
E0000717;C000717;2022-04-17;activation
E0001081;C001081;2022-04-17;activation
E0001373;C001373;2022-04-17;activation
E0001875;C001875;2022-04-17;activation
E0000175;C000175;2022-04-18;activation
E0000857;C000857;2022-04-19;activation
E0001748;C001748;2022-04-19;activation
E0001603;C001603;2022-04-20;activation
E0000040;C000040;2022-04-21;activation
E0000330;C000330;2022-04-21;activation
E0001443;C001443;2022-04-22;activation
E0001809;C001809;2022-04-22;activation
E0001676;C001676;2022-04-23;activation
E0000575;C000575;2022-04-24;activation
E0000475;C000475;2022-04-30;activation
E0000614;C000614;2022-04-30;activation
E0001082;C001082;2022-04-30;activation
E0000777;C000777;2022-05-02;activation
E0001524;C001524;2022-05-02;activation
E0001123;C001123;2022-05-08;activation
E0000999;C000999;2022-05-12;activation
E0000661;C000661;2022-05-13;activation
E0001715;C001715;2022-05-16;activation
E0000636;C000636;2022-05-17;activation
E0000685;C000685;2022-05-17;activation
E0001459;C001459;2022-05-17;activation
E0001258;C001258;2022-05-18;activation
E0001448;C001448;2022-05-19;activation
E0000994;C000994;2022-05-20;activation
E0001523;C001523;2022-05-20;activation
E0001752;C001752;2022-05-22;activation
E0001779;C001779;2022-05-22;activation
E0001265;C001265;2022-05-23;activation
E0001667;C001667;2022-05-23;activation
E0000173;C000173;2022-05-27;activation
E0001053;C001053;2022-05-28;activation
E0001731;C001731;2022-05-28;activation
E0000901;C000901;2022-05-29;activation
E0001154;C001154;2022-06-01;activation
E0001404;C001404;2022-06-02;activation
E0001917;C001917;2022-06-04;activation
E0000622;C000622;2022-06-08;activation
E0001008;C001008;2022-06-09;activation
E0001134;C001134;2022-06-10;activation
E0001814;C001814;2022-06-11;activation
E0000576;C000576;2022-06-12;activation
E0000584;C000584;2022-06-13;activation
E0001802;C001802;2022-06-13;activation
E0001968;C001968;2022-06-15;activation
E0001236;C001236;2022-06-16;activation
E0001709;C001709;2022-06-18;activation
E0000773;C000773;2022-06-21;activation
E0001953;C001953;2022-06-23;activation
E0001920;C001920;2022-06-25;activation
E0001699;C001699;2022-06-27;activation
E0000170;C000170;2022-06-29;activation
E0001692;C001692;2022-06-29;activation
E0001999;C001999;2022-06-30;activation
E0000537;C000537;2022-07-01;activation
E0001453;C001453;2022-07-01;activation
E0000611;C000611;2022-07-03;activation
E0000373;C000373;2022-07-07;activation
E0000585;C000585;2022-07-11;activation
E0000933;C000933;2022-07-12;activation
E0000608;C000608;2022-07-14;activation
E0000113;C000113;2022-07-15;activation
E0000672;C000672;2022-07-17;activation
E0000755;C000755;2022-07-17;activation
E0001467;C001467;2022-07-24;activation
E0000319;C000319;2022-07-25;activation
E0001130;C001130;2022-07-26;activation
E0001926;C001926;2022-07-26;activation
E0000908;C000908;2022-07-28;activation
E0000842;C000842;2022-07-29;activation
E0000253;C000253;2022-07-30;activation
E0001593;C001593;2022-07-31;activation
E0000623;C000623;2022-08-04;activation
E0001402;C001402;2022-08-04;activation
E0001388;C001388;2022-08-06;activation
E0001582;C001582;2022-08-06;activation
E0001768;C001768;2022-08-06;activation
E0001244;C001244;2022-08-08;activation
E0000988;C000988;2022-08-09;activation
E0001978;C001978;2022-08-10;activation
E0000224;C000224;2022-08-14;activation
E0001298;C001298;2022-08-14;activation
E0000312;C000312;2022-08-16;activation
E0000003;C000003;2022-08-18;activation
E0000626;C000626;2022-08-19;activation
E0001304;C001304;2022-08-20;activation
E0001486;C001486;2022-08-20;activation
E0000093;C000093;2022-08-22;activation
E0000963;C000963;2022-08-23;activation
E0000524;C000524;2022-08-24;activation
E0001839;C001839;2022-08-24;activation
E0000329;C000329;2022-08-25;activation
E0001680;C001680;2022-08-25;activation
E0000154;C000154;2022-08-26;activation
E0000849;C000849;2022-08-26;activation
E0000686;C000686;2022-08-28;activation
E0001625;C001625;2022-08-28;activation
E0001037;C001037;2022-08-29;activation
E0000014;C000014;2022-08-30;activation
E0001329;C001329;2022-08-31;activation
E0001132;C001132;2022-09-02;activation
E0000272;C000272;2022-09-04;activation
E0000602;C000602;2022-09-05;activation
E0000915;C000915;2022-09-05;activation
E0000162;C000162;2022-09-06;activation
E0001703;C001703;2022-09-07;activation
E0000750;C000750;2022-09-08;activation
E0001623;C001623;2022-09-12;activation
E0000665;C000665;2022-09-13;activation
E0000850;C000850;2022-09-13;activation
E0001895;C001895;2022-09-14;activation
E0001050;C001050;2022-09-15;activation
E0001572;C001572;2022-09-15;activation
E0001225;C001225;2022-09-19;activation
E0001367;C001367;2022-09-19;activation
E0001022;C001022;2022-09-21;activation
E0001412;C001412;2022-09-21;activation
E0001046;C001046;2022-09-22;activation
E0000815;C000815;2022-09-24;activation
E0001261;C001261;2022-09-26;activation
E0000825;C000825;2022-09-27;activation
E0000906;C000906;2022-09-30;activation
E0000995;C000995;2022-10-02;activation
E0000929;C000929;2022-10-04;activation
E0000981;C000981;2022-10-05;activation
E0000644;C000644;2022-10-07;activation
E0001323;C001323;2022-10-07;activation
E0001535;C001535;2022-10-08;activation
E0000090;C000090;2022-10-09;activation
E0000631;C000631;2022-10-10;activation
E0001275;C001275;2022-10-10;activation
E0000748;C000748;2022-10-12;activation
E0001243;C001243;2022-10-13;activation
E0000590;C000590;2022-10-14;activation
E0001429;C001429;2022-10-14;activation
E0001690;C001690;2022-10-15;activation
E0000213;C000213;2022-10-17;activation
E0000782;C000782;2022-10-17;activation
E0001656;C001656;2022-10-18;activation
E0000060;C000060;2022-10-19;activation
E0000236;C000236;2022-10-22;activation
E0000728;C000728;2022-10-22;activation
E0001363;C001363;2022-10-27;activation
E0001566;C001566;2022-10-28;activation
E0000238;C000238;2022-10-29;activation
E0001360;C001360;2022-10-29;activation
E0000327;C000327;2022-10-30;activation
E0000793;C000793;2022-10-30;activation
E0001723;C001723;2022-10-30;activation
E0001753;C001753;2022-10-30;activation
E0000504;C000504;2022-10-31;activation
E0000993;C000993;2022-10-31;activation
E0001882;C001882;2022-10-31;activation
E0000115;C000115;2022-11-01;activation
E0001175;C001175;2022-11-01;activation
E0001003;C001003;2022-11-03;activation
E0000965;C000965;2022-11-04;activation
E0001098;C001098;2022-11-05;activation
E0001751;C001751;2022-11-06;activation
E0000289;C000289;2022-11-07;activation
E0001727;C001727;2022-11-07;activation
E0001611;C001611;2022-11-10;activation
E0000266;C000266;2022-11-11;activation
E0000465;C000465;2022-11-11;activation
E0000847;C000847;2022-11-11;activation
E0001359;C001359;2022-11-14;activation
E0000141;C000141;2022-11-20;activation
E0000204;C000204;2022-11-20;activation
E0000316;C000316;2022-11-20;activation
E0000448;C000448;2022-11-20;activation
E0001231;C001231;2022-11-23;activation
E0000018;C000018;2022-11-24;activation
E0001591;C001591;2022-11-24;activation
E0000402;C000402;2022-11-25;activation
E0000201;C000201;2022-11-29;activation
E0000760;C000760;2022-12-04;activation
E0001996;C001996;2022-12-06;activation
E0001549;C001549;2022-12-07;activation
E0000781;C000781;2022-12-08;activation
E0001043;C001043;2022-12-09;activation
E0001528;C001528;2022-12-09;activation
E0001620;C001620;2022-12-09;activation
E0001773;C001773;2022-12-09;activation
E0000335;C000335;2022-12-12;activation
E0000501;C000501;2022-12-12;activation
E0001636;C001636;2022-12-12;activation
E0000710;C000710;2022-12-13;activation
E0000394;C000394;2022-12-14;activation
E0001059;C001059;2022-12-16;activation
E0000317;C000317;2022-12-17;activation
E0000400;C000400;2022-12-19;activation
E0001868;C001868;2022-12-19;activation
E0000206;C000206;2022-12-21;activation
E0001758;C001758;2022-12-21;activation
E0001173;C001173;2022-12-22;activation
E0000730;C000730;2022-12-23;activation
E0001800;C001800;2022-12-23;activation
E0001529;C001529;2022-12-24;activation
E0001097;C001097;2022-12-25;activation
E0001158;C001158;2022-12-25;activation
E0000669;C000669;2022-12-27;activation
E0000852;C000852;2022-12-27;activation
E0001183;C001183;2022-12-30;activation
E0000142;C000142;2023-01-03;activation
E0000800;C000800;2023-01-03;activation
E0000208;C000208;2023-01-09;activation
E0001271;C001271;2023-01-11;activation
E0000591;C000591;2023-01-13;activation
E0000832;C000832;2023-01-13;activation
E0000586;C000586;2023-01-15;activation
E0000829;C000829;2023-01-16;activation
E0000532;C000532;2023-01-17;activation
E0000701;C000701;2023-01-18;activation
E0000434;C000434;2023-01-19;activation
E0000724;C000724;2023-01-20;activation
E0001911;C001911;2023-01-21;activation
E0001478;C001478;2023-01-22;activation
E0001352;C001352;2023-01-23;activation
E0000026;C000026;2023-01-26;activation
E0000337;C000337;2023-01-26;activation
E0001918;C001918;2023-01-27;activation
E0000056;C000056;2023-01-29;activation
E0000212;C000212;2023-01-29;activation
E0000968;C000968;2023-01-30;activation
E0001746;C001746;2023-01-31;activation
E0000043;C000043;2023-02-01;activation
E0000424;C000424;2023-02-02;activation
E0000248;C000248;2023-02-04;activation
E0000520;C000520;2023-02-05;activation
E0000654;C000654;2023-02-05;activation
E0000660;C000660;2023-02-06;activation
E0001972;C001972;2023-02-07;activation
E0000435;C000435;2023-02-08;activation
E0001347;C001347;2023-02-08;activation
E0001206;C001206;2023-02-11;activation
E0000058;C000058;2023-02-14;activation
E0001036;C001036;2023-02-14;activation
E0001349;C001349;2023-02-16;activation
E0001064;C001064;2023-02-17;activation
E0001450;C001450;2023-02-18;activation
E0001974;C001974;2023-02-18;activation
E0000184;C000184;2023-02-19;activation
E0001658;C001658;2023-02-19;activation
E0001439;C001439;2023-02-22;activation
E0001475;C001475;2023-02-22;activation
E0001386;C001386;2023-02-23;activation
E0001923;C001923;2023-02-23;activation
E0001074;C001074;2023-02-24;activation
E0000187;C000187;2023-02-25;activation
E0001369;C001369;2023-02-25;activation
E0000436;C000436;2023-02-26;activation
E0001617;C001617;2023-02-26;activation
E0000513;C000513;2023-02-27;activation
E0001384;C001384;2023-03-01;activation
E0000102;C000102;2023-03-02;activation
E0000582;C000582;2023-03-05;activation
E0000399;C000399;2023-03-07;activation
E0001755;C001755;2023-03-08;activation
E0000454;C000454;2023-03-10;activation
E0000812;C000812;2023-03-10;activation
E0000147;C000147;2023-03-14;activation
E0001766;C001766;2023-03-14;activation
E0001374;C001374;2023-03-15;activation
E0001558;C001558;2023-03-16;activation
E0000195;C000195;2023-03-17;activation
E0000281;C000281;2023-03-18;activation
E0000193;C000193;2023-03-21;activation
E0001609;C001609;2023-03-21;activation
E0001213;C001213;2023-03-23;activation
E0000557;C000557;2023-03-25;activation
E0001553;C001553;2023-03-28;activation
E0000483;C000483;2023-03-29;activation
E0000675;C000675;2023-03-29;activation
E0000182;C000182;2023-04-02;activation
E0001028;C001028;2023-04-05;activation
E0001184;C001184;2023-04-05;activation
E0001717;C001717;2023-04-05;activation
E0001804;C001804;2023-04-05;activation
E0001511;C001511;2023-04-07;activation
E0001230;C001230;2023-04-09;activation
E0000618;C000618;2023-04-12;activation
E0000103;C000103;2023-04-13;activation
E0000446;C000446;2023-04-13;activation
E0000625;C000625;2023-04-13;activation
E0001106;C001106;2023-04-13;activation
E0001956;C001956;2023-04-13;activation
E0001096;C001096;2023-04-16;activation
E0001843;C001843;2023-04-16;activation
E0001966;C001966;2023-04-16;activation
E0000148;C000148;2023-04-17;activation
E0000599;C000599;2023-04-17;activation
E0000363;C000363;2023-04-21;activation
E0001133;C001133;2023-04-21;activation
E0000735;C000735;2023-04-22;activation
E0001693;C001693;2023-04-22;activation
E0001435;C001435;2023-04-24;activation
E0001233;C001233;2023-04-25;activation
E0001902;C001902;2023-04-27;activation
E0001979;C001979;2023-04-27;activation
E0001844;C001844;2023-04-29;activation
E0000561;C000561;2023-04-30;activation
E0001473;C001473;2023-04-30;activation
E0000484;C000484;2023-05-02;activation
E0000150;C000150;2023-05-06;activation
E0000543;C000543;2023-05-06;activation
E0001051;C001051;2023-05-06;activation
E0000942;C000942;2023-05-10;activation
E0001212;C001212;2023-05-11;activation
E0000161;C000161;2023-05-12;activation
E0001405;C001405;2023-05-12;activation
E0000943;C000943;2023-05-14;activation
E0001115;C001115;2023-05-14;activation
E0001465;C001465;2023-05-14;activation
E0001124;C001124;2023-05-17;activation
E0001416;C001416;2023-05-17;activation
E0000722;C000722;2023-05-18;activation
E0001581;C001581;2023-05-19;activation
E0000549;C000549;2023-05-23;activation
E0000558;C000558;2023-05-25;activation
E0001433;C001433;2023-05-25;activation
E0000062;C000062;2023-05-27;activation
E0000307;C000307;2023-05-30;activation
E0001056;C001056;2023-05-30;activation
E0000510;C000510;2023-06-01;activation
E0000791;C000791;2023-06-01;activation
E0001743;C001743;2023-06-01;activation
E0001866;C001866;2023-06-03;activation
E0000772;C000772;2023-06-04;activation
E0001033;C001033;2023-06-04;activation
E0000684;C000684;2023-06-05;activation
E0000823;C000823;2023-06-05;activation
E0001831;C001831;2023-06-06;activation
E0000164;C000164;2023-06-07;activation
E0001596;C001596;2023-06-08;activation
E0000512;C000512;2023-06-09;activation
E0001065;C001065;2023-06-12;activation
E0000752;C000752;2023-06-13;activation
E0000077;C000077;2023-06-16;activation
E0000695;C000695;2023-06-17;activation
E0000797;C000797;2023-06-17;activation
E0000939;C000939;2023-06-17;activation
E0000867;C000867;2023-06-18;activation
E0000539;C000539;2023-06-20;activation
E0001227;C001227;2023-06-20;activation
E0001610;C001610;2023-06-21;activation
E0000356;C000356;2023-06-22;activation
E0000372;C000372;2023-06-23;activation
E0000726;C000726;2023-06-25;activation
E0001629;C001629;2023-06-29;activation
E0001477;C001477;2023-06-30;activation
E0001969;C001969;2023-07-01;activation
E0001241;C001241;2023-07-03;activation
E0001927;C001927;2023-07-04;activation
E0000021;C000021;2023-07-05;activation
E0000876;C000876;2023-07-05;activation
E0000034;C000034;2023-07-06;activation
E0001102;C001102;2023-07-06;activation
E0001964;C001964;2023-07-07;activation
E0000925;C000925;2023-07-08;activation
E0000935;C000935;2023-07-08;activation
E0001696;C001696;2023-07-09;activation
E0001909;C001909;2023-07-09;activation
E0000627;C000627;2023-07-10;activation
E0000952;C000952;2023-07-13;activation
E0000610;C000610;2023-07-16;activation
E0001711;C001711;2023-07-16;activation
E0001307;C001307;2023-07-18;activation
E0001830;C001830;2023-07-19;activation
E0000121;C000121;2023-07-20;activation
E0000177;C000177;2023-07-21;activation
E0001671;C001671;2023-07-21;activation
E0000271;C000271;2023-07-22;activation
E0001605;C001605;2023-07-22;activation
E0001094;C001094;2023-07-29;activation
E0001191;C001191;2023-07-30;activation
E0000370;C000370;2023-08-01;activation
E0001277;C001277;2023-08-01;activation
E0001938;C001938;2023-08-02;activation
E0000288;C000288;2023-08-04;activation
E0001750;C001750;2023-08-04;activation
E0001807;C001807;2023-08-04;activation
E0001378;C001378;2023-08-05;activation
E0001089;C001089;2023-08-06;activation
E0001007;C001007;2023-08-08;activation
E0001877;C001877;2023-08-09;activation
E0000577;C000577;2023-08-11;activation
E0000969;C000969;2023-08-11;activation
E0001422;C001422;2023-08-11;activation
E0000998;C000998;2023-08-14;activation
E0000438;C000438;2023-08-19;activation
E0000677;C000677;2023-08-20;activation
E0001541;C001541;2023-08-20;activation
E0001343;C001343;2023-08-22;activation
E0001941;C001941;2023-08-22;activation
E0000573;C000573;2023-08-23;activation
E0001503;C001503;2023-08-24;activation
E0001921;C001921;2023-08-25;activation
E0000256;C000256;2023-08-27;activation
E0000566;C000566;2023-08-27;activation
E0001058;C001058;2023-08-27;activation
E0001545;C001545;2023-08-30;activation
E0001863;C001863;2023-08-30;activation
E0000050;C000050;2023-09-03;activation
E0001474;C001474;2023-09-03;activation
E0000429;C000429;2023-09-07;activation
E0001561;C001561;2023-09-08;activation
E0001571;C001571;2023-09-10;activation
E0000634;C000634;2023-09-11;activation
E0000957;C000957;2023-09-11;activation
E0000529;C000529;2023-09-14;activation
E0000690;C000690;2023-09-14;activation
E0000691;C000691;2023-09-16;activation
E0000770;C000770;2023-09-18;activation
E0000069;C000069;2023-09-19;activation
E0001229;C001229;2023-09-19;activation
E0001214;C001214;2023-09-20;activation
E0001678;C001678;2023-09-21;activation
E0000181;C000181;2023-09-22;activation
E0000042;C000042;2023-09-23;activation
E0000464;C000464;2023-09-27;activation
E0000453;C000453;2023-09-30;activation
E0001221;C001221;2023-09-30;activation
E0001951;C001951;2023-10-02;activation
E0001495;C001495;2023-10-03;activation
E0000004;C000004;2023-10-04;activation
E0000990;C000990;2023-10-04;activation
E0001530;C001530;2023-10-04;activation
E0001086;C001086;2023-10-05;activation
E0001836;C001836;2023-10-05;activation
E0000912;C000912;2023-10-07;activation
E0001552;C001552;2023-10-07;activation
E0000745;C000745;2023-10-08;activation
E0001791;C001791;2023-10-09;activation
E0001794;C001794;2023-10-10;activation
E0001997;C001997;2023-10-10;activation
E0000308;C000308;2023-10-11;activation
E0001117;C001117;2023-10-11;activation
E0001526;C001526;2023-10-11;activation
E0001187;C001187;2023-10-12;activation
E0001324;C001324;2023-10-12;activation
E0001732;C001732;2023-10-13;activation
E0001853;C001853;2023-10-15;activation
E0000116;C000116;2023-10-16;activation
E0001338;C001338;2023-10-16;activation
E0001713;C001713;2023-10-17;activation
E0000114;C000114;2023-10-18;activation
E0000864;C000864;2023-10-19;activation
E0000877;C000877;2023-10-20;activation
E0001517;C001517;2023-10-20;activation
E0001932;C001932;2023-10-23;activation
E0000477;C000477;2023-10-24;activation
E0000642;C000642;2023-10-25;activation
E0001701;C001701;2023-10-25;activation
E0000921;C000921;2023-10-27;activation
E0000180;C000180;2023-10-28;activation
E0001100;C001100;2023-10-28;activation
E0001299;C001299;2023-10-28;activation
E0001344;C001344;2023-10-29;activation
E0001813;C001813;2023-10-30;activation
E0001218;C001218;2023-10-31;activation
E0000241;C000241;2023-11-04;activation
E0000244;C000244;2023-11-07;activation
E0001066;C001066;2023-11-12;activation
E0001394;C001394;2023-11-12;activation
E0001009;C001009;2023-11-16;activation
E0000264;C000264;2023-11-17;activation
E0001415;C001415;2023-11-19;activation
E0001550;C001550;2023-11-19;activation
E0000371;C000371;2023-11-20;activation
E0000333;C000333;2023-11-21;activation
E0001544;C001544;2023-11-24;activation
E0000119;C000119;2023-11-25;activation
E0000502;C000502;2023-11-26;activation
E0001161;C001161;2023-11-27;activation
E0001235;C001235;2023-11-27;activation
E0001579;C001579;2023-11-27;activation
E0001035;C001035;2023-11-29;activation
E0001253;C001253;2023-11-30;activation
E0001639;C001639;2023-11-30;activation
E0000081;C000081;2023-12-01;activation
E0000533;C000533;2023-12-03;activation
E0001797;C001797;2023-12-03;activation
E0001719;C001719;2023-12-04;activation
E0001310;C001310;2023-12-06;activation
E0001111;C001111;2023-12-08;activation
E0001849;C001849;2023-12-09;activation
E0000010;C000010;2023-12-10;activation
E0001426;C001426;2023-12-10;activation
E0001919;C001919;2023-12-11;activation
E0001943;C001943;2023-12-11;activation
E0001635;C001635;2023-12-14;activation
E0001922;C001922;2023-12-14;activation
E0000360;C000360;2023-12-15;activation
E0001650;C001650;2023-12-15;activation
E0001962;C001962;2023-12-16;activation
E0001336;C001336;2023-12-19;activation
E0000233;C000233;2023-12-20;activation
E0000749;C000749;2023-12-21;activation
E0000205;C000205;2023-12-23;activation
E0000758;C000758;2023-12-24;activation
E0001580;C001580;2023-12-24;activation
E0001366;C001366;2023-12-28;activation
E0001515;C001515;2023-12-28;activation
E0001764;C001764;2023-12-29;activation
E0000311;C000311;2023-12-30;activation
E0000032;C000032;2023-12-31;activation
E0000126;C000126;2024-01-03;activation
E0000737;C000737;2024-01-03;activation
E0001393;C001393;2024-01-03;activation
E0001083;C001083;2024-01-05;activation
E0001194;C001194;2024-01-05;activation
E0001586;C001586;2024-01-07;activation
E0001513;C001513;2024-01-08;activation
E0000070;C000070;2024-01-10;activation
E0000331;C000331;2024-01-10;activation
E0001425;C001425;2024-01-10;activation
E0000354;C000354;2024-01-11;activation
E0001682;C001682;2024-01-11;activation
E0001044;C001044;2024-01-13;activation
E0000978;C000978;2024-01-15;activation
E0000299;C000299;2024-01-20;activation
E0000581;C000581;2024-01-20;activation
E0001390;C001390;2024-01-22;activation
E0001702;C001702;2024-01-22;activation
E0001903;C001903;2024-01-22;activation
E0000658;C000658;2024-01-23;activation
E0000387;C000387;2024-01-25;activation
E0000721;C000721;2024-01-29;activation
E0000727;C000727;2024-02-01;activation
E0000794;C000794;2024-02-02;activation
E0001738;C001738;2024-02-03;activation
E0000207;C000207;2024-02-06;activation
E0000246;C000246;2024-02-08;activation
E0000430;C000430;2024-02-09;activation
E0001673;C001673;2024-02-10;activation
E0000275;C000275;2024-02-11;activation
E0001364;C001364;2024-02-11;activation
E0001532;C001532;2024-02-11;activation
E0001118;C001118;2024-02-13;activation
E0000843;C000843;2024-02-16;activation
E0001889;C001889;2024-02-16;activation
E0000254;C000254;2024-02-17;activation
E0001519;C001519;2024-02-18;activation
E0001893;C001893;2024-02-18;activation
E0001547;C001547;2024-02-19;activation
E0001165;C001165;2024-02-20;activation
E0001675;C001675;2024-02-20;activation
E0000468;C000468;2024-02-22;activation
E0000703;C000703;2024-02-24;activation
E0000269;C000269;2024-02-26;activation
E0000974;C000974;2024-02-26;activation
E0001198;C001198;2024-02-26;activation
E0000263;C000263;2024-02-29;activation
E0001516;C001516;2024-02-29;activation
E0001826;C001826;2024-02-29;activation
E0000041;C000041;2024-03-02;activation
E0001108;C001108;2024-03-03;activation
E0000523;C000523;2024-03-04;activation
E0000202;C000202;2024-03-07;activation
E0000632;C000632;2024-03-07;activation
E0000694;C000694;2024-03-07;activation
E0001828;C001828;2024-03-07;activation
E0001734;C001734;2024-03-08;activation
E0000975;C000975;2024-03-09;activation
E0000525;C000525;2024-03-12;activation
E0000734;C000734;2024-03-12;activation
E0000927;C000927;2024-03-12;activation
E0001691;C001691;2024-03-19;activation
E0000125;C000125;2024-03-20;activation
E0000451;C000451;2024-03-20;activation
E0000736;C000736;2024-03-23;activation
E0001793;C001793;2024-03-23;activation
E0000023;C000023;2024-03-24;activation
E0000421;C000421;2024-03-27;activation
E0001936;C001936;2024-03-28;activation
E0000091;C000091;2024-03-30;activation
E0000937;C000937;2024-03-31;activation
E0000440;C000440;2024-04-01;activation
E0000883;C000883;2024-04-01;activation
E0000495;C000495;2024-04-02;activation
E0001368;C001368;2024-04-02;activation
E0001756;C001756;2024-04-03;activation
E0001879;C001879;2024-04-03;activation
E0000931;C000931;2024-04-05;activation
E0001735;C001735;2024-04-05;activation
E0001248;C001248;2024-04-14;activation
E0001790;C001790;2024-04-14;activation
E0001407;C001407;2024-04-15;activation
E0000257;C000257;2024-04-22;activation
E0000220;C000220;2024-04-24;activation
E0000753;C000753;2024-04-25;activation
E0001663;C001663;2024-04-25;activation
E0001029;C001029;2024-04-27;activation
E0000025;C000025;2024-04-28;activation
E0001681;C001681;2024-04-29;activation
E0001872;C001872;2024-04-30;activation
E0000653;C000653;2024-05-01;activation
E0001010;C001010;2024-05-02;activation
E0001327;C001327;2024-05-06;activation
E0000092;C000092;2024-05-07;activation
E0000009;C000009;2024-05-08;activation
E0001569;C001569;2024-05-09;activation
E0001380;C001380;2024-05-11;activation
E0000474;C000474;2024-05-13;activation
E0001472;C001472;2024-05-13;activation
E0001599;C001599;2024-05-14;activation
E0001312;C001312;2024-05-15;activation
E0000229;C000229;2024-05-16;activation
E0000428;C000428;2024-05-17;activation
E0000185;C000185;2024-05-19;activation
E0001077;C001077;2024-05-21;activation
E0001305;C001305;2024-05-21;activation
E0001152;C001152;2024-05-22;activation
E0001452;C001452;2024-05-22;activation
E0000803;C000803;2024-05-24;activation
E0001249;C001249;2024-05-28;activation
E0000274;C000274;2024-05-30;activation
E0000416;C000416;2024-06-01;activation
E0000704;C000704;2024-06-01;activation
E0000419;C000419;2024-06-02;activation
E0001840;C001840;2024-06-02;activation
E0001276;C001276;2024-06-10;activation
E0001427;C001427;2024-06-11;activation
E0001796;C001796;2024-06-11;activation
E0001199;C001199;2024-06-12;activation
E0001987;C001987;2024-06-12;activation
E0001988;C001988;2024-06-12;activation
E0000895;C000895;2024-06-13;activation
E0001634;C001634;2024-06-14;activation
E0001322;C001322;2024-06-15;activation
E0001563;C001563;2024-06-15;activation
E0001931;C001931;2024-06-16;activation
E0000160;C000160;2024-06-18;activation
E0001436;C001436;2024-06-18;activation
E0001485;C001485;2024-06-19;activation
E0001287;C001287;2024-06-21;activation
E0001638;C001638;2024-06-21;activation
E0001792;C001792;2024-06-23;activation
E0000362;C000362;2024-06-25;activation
E0000940;C000940;2024-06-25;activation
E0001421;C001421;2024-06-26;activation
E0000343;C000343;2024-06-27;activation
E0000831;C000831;2024-06-27;activation
E0001245;C001245;2024-06-28;activation
E0001006;C001006;2024-07-03;activation
E0001401;C001401;2024-07-04;activation
E0000692;C000692;2024-07-07;activation
E0001991;C001991;2024-07-10;activation
E0000700;C000700;2024-07-12;activation
E0000604;C000604;2024-07-13;activation
E0000896;C000896;2024-07-13;activation
E0000251;C000251;2024-07-15;activation
E0001211;C001211;2024-07-16;activation
E0000443;C000443;2024-07-17;activation
E0001583;C001583;2024-07-17;activation
E0000239;C000239;2024-07-21;activation
E0001992;C001992;2024-07-22;activation
E0000165;C000165;2024-07-24;activation
E0001998;C001998;2024-07-24;activation
E0000712;C000712;2024-07-25;activation
E0001112;C001112;2024-07-25;activation
E0000413;C000413;2024-07-29;activation
E0001018;C001018;2024-07-30;activation
E0001670;C001670;2024-07-30;activation
E0000916;C000916;2024-07-31;activation
E0000366;C000366;2024-08-01;activation
E0001815;C001815;2024-08-01;activation
E0001317;C001317;2024-08-02;activation
E0000572;C000572;2024-08-03;activation
E0000194;C000194;2024-08-04;activation
E0000733;C000733;2024-08-05;activation
E0001724;C001724;2024-08-05;activation
E0001669;C001669;2024-08-06;activation
E0000035;C000035;2024-08-07;activation
E0000838;C000838;2024-08-08;activation
E0001817;C001817;2024-08-09;activation
E0000157;C000157;2024-08-11;activation
E0000541;C000541;2024-08-11;activation
E0001076;C001076;2024-08-11;activation
E0000792;C000792;2024-08-13;activation
E0001659;C001659;2024-08-14;activation
E0001454;C001454;2024-08-15;activation
E0001372;C001372;2024-08-16;activation
E0001174;C001174;2024-08-17;activation
E0001935;C001935;2024-08-17;activation
E0001000;C001000;2024-08-20;activation
E0000924;C000924;2024-08-22;activation
E0001543;C001543;2024-08-23;activation
E0001431;C001431;2024-08-24;activation
E0001905;C001905;2024-08-24;activation
E0001061;C001061;2024-08-25;activation
E0000678;C000678;2024-08-27;activation
E0000166;C000166;2024-08-28;activation
E0000778;C000778;2024-08-28;activation
E0000789;C000789;2024-08-28;activation
E0000918;C000918;2024-08-28;activation
E0001362;C001362;2024-08-28;activation
E0000600;C000600;2024-08-30;activation
E0001091;C001091;2024-08-31;activation
E0000048;C000048;2024-09-03;activation
E0000192;C000192;2024-09-03;activation
E0000061;C000061;2024-09-05;activation
E0001628;C001628;2024-09-06;activation
E0000153;C000153;2024-09-07;activation
E0001392;C001392;2024-09-07;activation
E0001445;C001445;2024-09-08;activation
E0000322;C000322;2024-09-10;activation
E0000355;C000355;2024-09-11;activation
E0001915;C001915;2024-09-11;activation
E0000861;C000861;2024-09-12;activation
E0001757;C001757;2024-09-12;activation
E0000786;C000786;2024-09-14;activation
E0001145;C001145;2024-09-14;activation
E0001627;C001627;2024-09-15;activation
E0000234;C000234;2024-09-16;activation
E0000615;C000615;2024-09-16;activation
E0000932;C000932;2024-09-19;activation
E0001196;C001196;2024-09-21;activation
E0001665;C001665;2024-09-23;activation
E0000002;C000002;2024-09-26;activation
E0001784;C001784;2024-09-26;activation
E0000806;C000806;2024-09-27;activation
E0000100;C000100;2024-09-28;activation
E0001493;C001493;2024-09-29;activation
E0000540;C000540;2024-09-30;activation
E0001042;C001042;2024-09-30;activation
E0000689;C000689;2024-10-05;activation
E0001646;C001646;2024-10-05;activation
E0001776;C001776;2024-10-06;activation
E0000325;C000325;2024-10-07;activation
E0001985;C001985;2024-10-10;activation
E0001266;C001266;2024-10-11;activation
E0001257;C001257;2024-10-12;activation
E0001423;C001423;2024-10-12;activation
E0000844;C000844;2024-10-14;activation
E0000919;C000919;2024-10-14;activation
E0001409;C001409;2024-10-14;activation
E0001419;C001419;2024-10-15;activation
E0000357;C000357;2024-10-16;activation
E0001539;C001539;2024-10-16;activation
E0000500;C000500;2024-10-17;activation
E0001223;C001223;2024-10-17;activation
E0001110;C001110;2024-10-19;activation
E0000886;C000886;2024-10-21;activation
E0001455;C001455;2024-10-22;activation
E0001538;C001538;2024-10-23;activation
E0001116;C001116;2024-10-24;activation
E0000693;C000693;2024-10-25;activation
E0001832;C001832;2024-10-27;activation
E0000183;C000183;2024-10-28;activation
E0001293;C001293;2024-10-28;activation
E0000470;C000470;2024-10-30;activation
E0000904;C000904;2024-10-30;activation
E0001186;C001186;2024-10-30;activation
E0001808;C001808;2024-10-30;activation
E0000320;C000320;2024-10-31;activation
E0001914;C001914;2024-10-31;activation
E0001396;C001396;2024-11-01;activation
E0001850;C001850;2024-11-01;activation
E0000508;C000508;2024-11-02;activation
E0000898;C000898;2024-11-02;activation
E0001449;C001449;2024-11-02;activation
E0001546;C001546;2024-11-02;activation
E0000910;C000910;2024-11-03;activation
E0001208;C001208;2024-11-05;activation
E0000507;C000507;2024-11-07;activation
E0001554;C001554;2024-11-07;activation
E0000107;C000107;2024-11-09;activation
E0000324;C000324;2024-11-09;activation
E0001970;C001970;2024-11-09;activation
E0001585;C001585;2024-11-11;activation
E0001219;C001219;2024-11-12;activation
E0000426;C000426;2024-11-14;activation
E0000439;C000439;2024-11-14;activation
E0000169;C000169;2024-11-15;activation
E0001358;C001358;2024-11-15;activation
E0001806;C001806;2024-11-16;activation
E0001614;C001614;2024-11-17;activation
E0001351;C001351;2024-11-18;activation
E0001119;C001119;2024-11-19;activation
E0001512;C001512;2024-11-20;activation
E0000756;C000756;2024-11-23;activation
E0001189;C001189;2024-11-24;activation
E0000111;C000111;2024-11-25;activation
E0000011;C000011;2024-11-26;activation
E0000203;C000203;2024-11-26;activation
E0001272;C001272;2024-11-26;activation
E0001860;C001860;2024-11-27;activation
E0000491;C000491;2024-11-28;activation
E0000837;C000837;2024-11-28;activation
E0001179;C001179;2024-11-30;activation
E0001660;C001660;2024-11-30;activation
E0001787;C001787;2024-12-02;activation
E0000456;C000456;2024-12-03;activation
E0001488;C001488;2024-12-04;activation
E0001736;C001736;2024-12-04;activation
E0001720;C001720;2024-12-06;activation
E0001913;C001913;2024-12-06;activation
E0000135;C000135;2024-12-09;activation
E0002000;C002000;2024-12-10;activation
E0000450;C000450;2024-12-14;activation
E0001318;C001318;2024-12-14;activation
E0001842;C001842;2024-12-14;activation
E0000989;C000989;2024-12-15;activation
E0001451;C001451;2024-12-16;activation
E0000211;C000211;2024-12-17;activation
E0000879;C000879;2024-12-20;activation
E0000887;C000887;2024-12-20;activation
E0001188;C001188;2024-12-21;activation
E0000118;C000118;2024-12-23;activation
E0001820;C001820;2024-12-23;activation
E0001254;C001254;2024-12-24;activation
E0000227;C000227;2024-12-27;activation
E0000962;C000962;2024-12-27;activation
E0000673;C000673;2024-12-28;activation
E0000814;C000814;2024-12-31;activation
E0001162;C001162;2024-12-31;activation
E0001328;C001328;2024-12-31;activation
E0000719;C000719;2025-01-02;activation
E0001420;C001420;2025-01-02;activation
E0001805;C001805;2025-01-03;activation
E0000191;C000191;2025-01-04;activation
E0001342;C001342;2025-01-06;activation
E0001171;C001171;2025-01-07;activation
E0000406;C000406;2025-01-09;activation
E0001946;C001946;2025-01-09;activation
E0001354;C001354;2025-01-10;activation
E0000215;C000215;2025-01-12;activation
E0001295;C001295;2025-01-12;activation
E0001716;C001716;2025-01-12;activation
E0001462;C001462;2025-01-13;activation
E0000106;C000106;2025-01-14;activation
E0000410;C000410;2025-01-16;activation
E0000950;C000950;2025-01-16;activation
E0000080;C000080;2025-01-17;activation
E0000385;C000385;2025-01-18;activation
E0001250;C001250;2025-01-20;activation
E0000613;C000613;2025-01-29;activation
E0000718;C000718;2025-01-29;activation
E0001873;C001873;2025-01-29;activation
E0001005;C001005;2025-01-30;activation
E0001499;C001499;2025-01-30;activation
E0001652;C001652;2025-01-30;activation
E0000101;C000101;2025-02-07;activation
E0001885;C001885;2025-02-07;activation
E0000095;C000095;2025-02-08;activation
E0000583;C000583;2025-02-08;activation
E0000764;C000764;2025-02-08;activation
E0001975;C001975;2025-02-10;activation
E0001361;C001361;2025-02-13;activation
E0000637;C000637;2025-02-14;activation
E0001032;C001032;2025-02-15;activation
E0001071;C001071;2025-02-15;activation
E0000759;C000759;2025-02-16;activation
E0000956;C000956;2025-02-16;activation
E0000022;C000022;2025-02-23;activation
E0001070;C001070;2025-02-23;activation
E0000295;C000295;2025-02-26;activation
E0001128;C001128;2025-02-26;activation
E0000826;C000826;2025-02-27;activation
E0001971;C001971;2025-02-27;activation
E0001825;C001825;2025-02-28;activation
E0000432;C000432;2025-03-03;activation
E0001677;C001677;2025-03-04;activation
E0000930;C000930;2025-03-06;activation
E0000433;C000433;2025-03-07;activation
E0000509;C000509;2025-03-07;activation
E0000565;C000565;2025-03-07;activation
E0001383;C001383;2025-03-08;activation
E0001747;C001747;2025-03-11;activation
E0000597;C000597;2025-03-12;activation
E0000555;C000555;2025-03-13;activation
E0000542;C000542;2025-03-14;activation
E0000249;C000249;2025-03-15;activation
E0001151;C001151;2025-03-15;activation
E0000151;C000151;2025-03-17;activation
E0000780;C000780;2025-03-18;activation
E0001886;C001886;2025-03-19;activation
E0001417;C001417;2025-03-20;activation
E0000250;C000250;2025-03-21;activation
E0001925;C001925;2025-03-21;activation
E0001616;C001616;2025-03-25;activation
E0000732;C000732;2025-03-27;activation
E0001960;C001960;2025-03-27;activation
E0000199;C000199;2025-03-28;activation
E0001251;C001251;2025-03-28;activation
E0001870;C001870;2025-03-28;activation
E0000948;C000948;2025-03-30;activation
E0000949;C000949;2025-03-31;activation
E0001637;C001637;2025-03-31;activation
E0000640;C000640;2025-04-04;activation
E0000872;C000872;2025-04-05;activation
E0001827;C001827;2025-04-05;activation
E0000143;C000143;2025-04-08;activation
E0000198;C000198;2025-04-08;activation
E0000442;C000442;2025-04-09;activation
E0001679;C001679;2025-04-09;activation
E0000104;C000104;2025-04-10;activation
E0000738;C000738;2025-04-13;activation
E0000388;C000388;2025-04-15;activation
E0000190;C000190;2025-04-16;activation
E0000848;C000848;2025-04-16;activation
E0001560;C001560;2025-04-16;activation
E0001888;C001888;2025-04-17;activation
E0000196;C000196;2025-04-19;activation
E0001024;C001024;2025-04-19;activation
E0001222;C001222;2025-04-19;activation
E0000651;C000651;2025-04-23;activation
E0000133;C000133;2025-04-26;activation
E0000036;C000036;2025-04-27;activation
E0001944;C001944;2025-04-29;activation
E0000232;C000232;2025-04-30;activation
E0000321;C000321;2025-04-30;activation
E0001576;C001576;2025-04-30;activation
E0000868;C000868;2025-05-02;activation
E0001204;C001204;2025-05-02;activation
E0001653;C001653;2025-05-03;activation
E0000318;C000318;2025-05-04;activation
E0001816;C001816;2025-05-06;activation
E0000472;C000472;2025-05-07;activation
E0001387;C001387;2025-05-10;activation
E0000304;C000304;2025-05-11;activation
E0000417;C000417;2025-05-11;activation
E0000349;C000349;2025-05-12;activation
E0001239;C001239;2025-05-13;activation
E0000563;C000563;2025-05-15;activation
E0001337;C001337;2025-05-16;activation
E0001760;C001760;2025-05-16;activation
E0000680;C000680;2025-05-18;activation
E0001520;C001520;2025-05-18;activation
E0000033;C000033;2025-05-20;activation
E0000487;C000487;2025-05-21;activation
E0001810;C001810;2025-05-21;activation
E0000574;C000574;2025-05-23;activation
E0000252;C000252;2025-05-24;activation
E0000688;C000688;2025-05-24;activation
E0001313;C001313;2025-05-24;activation
E0001215;C001215;2025-05-25;activation
E0001139;C001139;2025-05-27;activation
E0001232;C001232;2025-05-27;activation
E0001533;C001533;2025-05-27;activation
E0000334;C000334;2025-05-29;activation
E0000699;C000699;2025-05-29;activation
E0000578;C000578;2025-05-30;activation
E0000796;C000796;2025-05-30;activation
E0000668;C000668;2025-05-31;activation
E0001088;C001088;2025-05-31;activation
E0001428;C001428;2025-06-03;activation
E0001237;C001237;2025-06-04;activation
E0000646;C000646;2025-06-09;activation
E0001504;C001504;2025-06-09;activation
E0000833;C000833;2025-06-10;activation
E0000894;C000894;2025-06-11;activation
E0001981;C001981;2025-06-11;activation
E0000536;C000536;2025-06-12;activation
E0001308;C001308;2025-06-13;activation
E0000345;C000345;2025-06-14;activation
E0000639;C000639;2025-06-14;activation
E0000860;C000860;2025-06-15;activation
E0000209;C000209;2025-06-18;activation
E0000278;C000278;2025-06-19;activation
E0000681;C000681;2025-06-21;activation
E0001016;C001016;2025-06-22;activation
E0000280;C000280;2025-06-24;activation
E0001228;C001228;2025-06-29;activation
E0000214;C000214;2025-06-30;activation
E0000967;C000967;2025-07-02;activation
E0001592;C001592;2025-07-03;activation
E0000367;C000367;2025-07-05;activation
E0000545;C000545;2025-07-07;activation
E0000768;C000768;2025-07-09;activation
E0001688;C001688;2025-07-09;activation
E0000885;C000885;2025-07-12;activation
E0001246;C001246;2025-07-13;activation
E0001640;C001640;2025-07-14;activation
E0001153;C001153;2025-07-16;activation
E0000519;C000519;2025-07-19;activation
E0001777;C001777;2025-07-20;activation
E0001824;C001824;2025-07-22;activation
E0001798;C001798;2025-07-23;activation
E0001729;C001729;2025-07-24;activation
E0000986;C000986;2025-07-27;activation
E0000225;C000225;2025-07-28;activation
E0000332;C000332;2025-07-28;activation
E0000493;C000493;2025-07-30;activation
E0000231;C000231;2025-08-01;activation
E0000176;C000176;2025-08-02;activation
E0001120;C001120;2025-08-03;activation
E0001589;C001589;2025-08-03;activation
E0000127;C000127;2025-08-05;activation
E0000072;C000072;2025-08-06;activation
E0000862;C000862;2025-08-06;activation
E0001376;C001376;2025-08-07;activation
E0001536;C001536;2025-08-07;activation
E0000554;C000554;2025-08-08;activation
E0000386;C000386;2025-08-10;activation
E0001799;C001799;2025-08-10;activation
E0001178;C001178;2025-08-14;activation
E0000028;C000028;2025-08-15;activation
E0000258;C000258;2025-08-15;activation
E0000527;C000527;2025-08-17;activation
E0001176;C001176;2025-08-18;activation
E0000808;C000808;2025-08-19;activation
E0001068;C001068;2025-08-19;activation
E0001078;C001078;2025-08-19;activation
E0001901;C001901;2025-08-19;activation
E0000171;C000171;2025-08-20;activation
E0000221;C000221;2025-08-21;activation
E0000016;C000016;2025-08-23;activation
E0000326;C000326;2025-08-23;activation
E0000418;C000418;2025-08-24;activation
E0001568;C001568;2025-08-24;activation
E0001073;C001073;2025-08-25;activation
E0001142;C001142;2025-08-25;activation
E0001745;C001745;2025-08-25;activation
E0000024;C000024;2025-08-26;activation
E0000087;C000087;2025-08-28;activation
E0001150;C001150;2025-08-30;activation
E0001818;C001818;2025-08-30;activation
E0002031;C001351;2025-09-03;termination
E0002042;C001903;2025-09-03;termination
E0002023;C000998;2025-09-04;termination
E0002009;C000471;2025-09-07;termination
E0002001;C000028;2025-09-08;termination
E0002026;C001287;2025-09-10;termination
E0002034;C001611;2025-09-10;termination
E0002027;C001289;2025-09-11;termination
E0002033;C001570;2025-09-11;termination
E0002036;C001699;2025-09-11;termination
E0002041;C001887;2025-09-11;termination
E0002003;C000080;2025-09-12;termination
E0002008;C000389;2025-09-12;termination
E0002038;C001787;2025-09-12;termination
E0002019;C000796;2025-09-14;termination
E0002018;C000762;2025-09-15;termination
E0002024;C001110;2025-09-15;termination
E0002002;C000035;2025-09-17;termination
E0002012;C000525;2025-09-17;termination
E0002029;C001299;2025-09-17;termination
E0002005;C000221;2025-09-18;termination
E0002010;C000483;2025-09-18;termination
E0002015;C000700;2025-09-20;termination
E0002011;C000516;2025-09-21;termination
E0002025;C001156;2025-09-21;termination
E0002032;C001376;2025-09-21;termination
E0002037;C001733;2025-09-21;termination
E0002006;C000266;2025-09-23;termination
E0002039;C001789;2025-09-23;termination
E0002014;C000601;2025-09-24;termination
E0002016;C000734;2025-09-25;termination
E0002017;C000749;2025-09-26;termination
E0002020;C000868;2025-09-26;termination
E0002028;C001292;2025-09-26;termination
E0002035;C001659;2025-09-26;termination
E0002040;C001818;2025-09-26;termination
E0002004;C000158;2025-09-27;termination
E0002021;C000872;2025-09-27;termination
E0002022;C000928;2025-09-27;termination
E0002013;C000571;2025-09-28;termination
E0002007;C000367;2025-09-29;termination
E0002030;C001304;2025-09-30;termination
E0002051;C002009;2025-10-02;activation
E0002058;C002016;2025-10-02;activation
E0002068;C002026;2025-10-02;activation
E0002121;C001506;2025-10-03;termination
E0002053;C002011;2025-10-03;activation
E0002057;C002015;2025-10-03;activation
E0002082;C002040;2025-10-04;activation
E0002066;C002024;2025-10-05;activation
E0002077;C002035;2025-10-05;activation
E0002101;C000594;2025-10-06;termination
E0002117;C001358;2025-10-06;termination
E0002129;C001724;2025-10-06;termination
E0002132;C001860;2025-10-06;termination
E0002046;C002004;2025-10-06;activation
E0002073;C002031;2025-10-06;activation
E0002096;C000399;2025-10-07;termination
E0002106;C000656;2025-10-08;termination
E0002065;C002023;2025-10-08;activation
E0002093;C000228;2025-10-09;termination
E0002067;C002025;2025-10-09;activation
E0002133;C001932;2025-10-10;termination
E0002116;C001353;2025-10-11;termination
E0002131;C001815;2025-10-11;termination
E0002045;C002003;2025-10-11;activation
E0002130;C001738;2025-10-12;termination
E0002047;C002005;2025-10-12;activation
E0002061;C002019;2025-10-12;activation
E0002083;C002041;2025-10-12;activation
E0002135;C001997;2025-10-13;termination
E0002081;C002039;2025-10-14;activation
E0002084;C002042;2025-10-14;activation
E0002089;C002047;2025-10-14;activation
E0002110;C000960;2025-10-15;termination
E0002111;C001071;2025-10-15;termination
E0002112;C001180;2025-10-15;termination
E0002114;C001268;2025-10-15;termination
E0002113;C001183;2025-10-16;termination
E0002055;C002013;2025-10-16;activation
E0002070;C002028;2025-10-16;activation
E0002072;C002030;2025-10-16;activation
E0002091;C002049;2025-10-16;activation
E0002102;C000611;2025-10-17;termination
E0002052;C002010;2025-10-17;activation
E0002071;C002029;2025-10-17;activation
E0002049;C002007;2025-10-18;activation
E0002076;C002034;2025-10-18;activation
E0002097;C000408;2025-10-19;termination
E0002120;C001504;2025-10-20;termination
E0002074;C002032;2025-10-20;activation
E0002085;C002043;2025-10-20;activation
E0002124;C001586;2025-10-21;termination
E0002080;C002038;2025-10-21;activation
E0002127;C001612;2025-10-22;termination
E0002054;C002012;2025-10-22;activation
E0002094;C000232;2025-10-23;termination
E0002099;C000441;2025-10-23;termination
E0002103;C000613;2025-10-23;termination
E0002115;C001302;2025-10-23;termination
E0002122;C001519;2025-10-23;termination
E0002128;C001712;2025-10-23;termination
E0002078;C002036;2025-10-23;activation
E0002079;C002037;2025-10-23;activation
E0002109;C000945;2025-10-24;termination
E0002043;C002001;2025-10-24;activation
E0002108;C000836;2025-10-25;termination
E0002134;C001970;2025-10-25;termination
E0002063;C002021;2025-10-25;activation
E0002087;C002045;2025-10-25;activation
E0002104;C000616;2025-10-26;termination
E0002125;C001593;2025-10-26;termination
E0002092;C002050;2025-10-26;activation
E0002095;C000321;2025-10-27;termination
E0002098;C000419;2025-10-27;termination
E0002105;C000647;2025-10-27;termination
E0002048;C002006;2025-10-27;activation
E0002050;C002008;2025-10-27;activation
E0002056;C002014;2025-10-27;activation
E0002044;C002002;2025-10-28;activation
E0002059;C002017;2025-10-28;activation
E0002090;C002048;2025-10-28;activation
E0002100;C000448;2025-10-29;termination
E0002107;C000757;2025-10-29;termination
E0002119;C001482;2025-10-29;termination
E0002062;C002020;2025-10-29;activation
E0002069;C002027;2025-10-29;activation
E0002123;C001581;2025-10-30;termination
E0002126;C001600;2025-10-30;termination
E0002118;C001475;2025-10-31;termination
E0002060;C002018;2025-10-31;activation
E0002064;C002022;2025-10-31;activation
E0002075;C002033;2025-10-31;activation
E0002086;C002044;2025-10-31;activation
E0002088;C002046;2025-10-31;activation
E0002222;C001791;2025-11-03;termination
E0002139;C002054;2025-11-03;activation
E0002166;C002081;2025-11-03;activation
E0002186;C000124;2025-11-04;termination
E0002188;C000209;2025-11-04;termination
E0002202;C001002;2025-11-04;termination
E0002204;C001097;2025-11-04;termination
E0002209;C001412;2025-11-04;termination
E0002219;C001646;2025-11-04;termination
E0002163;C002078;2025-11-04;activation
E0002197;C000712;2025-11-05;termination
E0002216;C001556;2025-11-06;termination
E0002226;C001963;2025-11-06;termination
E0002158;C002073;2025-11-06;activation
E0002167;C002082;2025-11-06;activation
E0002205;C001232;2025-11-07;termination
E0002217;C001587;2025-11-07;termination
E0002221;C001764;2025-11-07;termination
E0002142;C002057;2025-11-07;activation
E0002176;C002091;2025-11-07;activation
E0002200;C000914;2025-11-08;termination
E0002193;C000449;2025-11-09;termination
E0002136;C002051;2025-11-09;activation
E0002144;C002059;2025-11-09;activation
E0002174;C002089;2025-11-09;activation
E0002201;C000969;2025-11-10;termination
E0002225;C001896;2025-11-10;termination
E0002213;C001478;2025-11-11;termination
E0002182;C002097;2025-11-11;activation
E0002199;C000814;2025-11-12;termination
E0002208;C001337;2025-11-12;termination
E0002223;C001816;2025-11-12;termination
E0002154;C002069;2025-11-12;activation
E0002156;C002071;2025-11-12;activation
E0002161;C002076;2025-11-12;activation
E0002181;C002096;2025-11-12;activation
E0002192;C000421;2025-11-13;termination
E0002196;C000612;2025-11-13;termination
E0002148;C002063;2025-11-13;activation
E0002170;C002085;2025-11-13;activation
E0002173;C002088;2025-11-13;activation
E0002180;C002095;2025-11-13;activation
E0002198;C000797;2025-11-14;termination
E0002159;C002074;2025-11-14;activation
E0002164;C002079;2025-11-14;activation
E0002168;C002083;2025-11-14;activation
E0002169;C002084;2025-11-14;activation
E0002203;C001069;2025-11-15;termination
E0002211;C001434;2025-11-15;termination
E0002138;C002053;2025-11-15;activation
E0002215;C001537;2025-11-16;termination
E0002172;C002087;2025-11-17;activation
E0002184;C002099;2025-11-17;activation
E0002207;C001266;2025-11-18;termination
E0002224;C001851;2025-11-18;termination
E0002140;C002055;2025-11-18;activation
E0002141;C002056;2025-11-18;activation
E0002155;C002070;2025-11-18;activation
E0002228;C002007;2025-11-19;termination
E0002149;C002064;2025-11-19;activation
E0002151;C002066;2025-11-19;activation
E0002160;C002075;2025-11-19;activation
E0002177;C002092;2025-11-19;activation
E0002220;C001687;2025-11-20;termination
E0002218;C001620;2025-11-21;termination
E0002178;C002093;2025-11-21;activation
E0002146;C002061;2025-11-22;activation
E0002210;C001426;2025-11-23;termination
E0002214;C001498;2025-11-23;termination
E0002165;C002080;2025-11-23;activation
E0002231;C002050;2025-11-24;termination
E0002157;C002072;2025-11-24;activation
E0002206;C001260;2025-11-25;termination
E0002195;C000512;2025-11-26;termination
E0002229;C002030;2025-11-26;termination
E0002230;C002039;2025-11-26;termination
E0002147;C002062;2025-11-26;activation
E0002153;C002068;2025-11-26;activation
E0002171;C002086;2025-11-26;activation
E0002185;C002100;2025-11-26;activation
E0002187;C000167;2025-11-27;termination
E0002145;C002060;2025-11-27;activation
E0002152;C002067;2025-11-27;activation
E0002179;C002094;2025-11-27;activation
E0002190;C000340;2025-11-28;termination
E0002143;C002058;2025-11-28;activation
E0002183;C002098;2025-11-28;activation
E0002189;C000307;2025-11-29;termination
E0002194;C000485;2025-11-29;termination
E0002175;C002090;2025-11-29;activation
E0002191;C000410;2025-11-30;termination
E0002212;C001435;2025-11-30;termination
E0002227;C002001;2025-11-30;termination
E0002137;C002052;2025-11-30;activation
E0002150;C002065;2025-11-30;activation
E0002162;C002077;2025-11-30;activation
E0002302;C001210;2025-12-03;termination
E0002304;C001234;2025-12-03;termination
E0002254;C002123;2025-12-03;activation
E0002271;C002140;2025-12-03;activation
E0002329;C002095;2025-12-04;termination
E0002241;C002110;2025-12-04;activation
E0002289;C000527;2025-12-05;termination
E0002309;C001436;2025-12-05;termination
E0002323;C001869;2025-12-05;termination
E0002250;C002119;2025-12-05;activation
E0002251;C002120;2025-12-05;activation
E0002258;C002127;2025-12-05;activation
E0002263;C002132;2025-12-05;activation
E0002284;C000282;2025-12-06;termination
E0002320;C001763;2025-12-06;termination
E0002300;C001035;2025-12-07;termination
E0002325;C001949;2025-12-07;termination
E0002232;C002101;2025-12-07;activation
E0002242;C002111;2025-12-07;activation
E0002286;C000472;2025-12-08;termination
E0002256;C002125;2025-12-08;activation
E0002273;C002142;2025-12-08;activation
E0002275;C002144;2025-12-08;activation
E0002279;C002148;2025-12-08;activation
E0002238;C002107;2025-12-09;activation
E0002257;C002126;2025-12-09;activation
E0002268;C002137;2025-12-09;activation
E0002287;C000490;2025-12-10;termination
E0002248;C002117;2025-12-10;activation
E0002265;C002134;2025-12-10;activation
E0002296;C000804;2025-12-11;termination
E0002278;C002147;2025-12-11;activation
E0002314;C001493;2025-12-12;termination
E0002237;C002106;2025-12-12;activation
E0002243;C002112;2025-12-12;activation
E0002277;C002146;2025-12-12;activation
E0002299;C000921;2025-12-13;termination
E0002306;C001354;2025-12-13;termination
E0002321;C001777;2025-12-13;termination
E0002324;C001870;2025-12-13;termination
E0002272;C002141;2025-12-13;activation
E0002246;C002115;2025-12-14;activation
E0002253;C002122;2025-12-14;activation
E0002266;C002135;2025-12-14;activation
E0002328;C002087;2025-12-15;termination
E0002233;C002102;2025-12-15;activation
E0002283;C000201;2025-12-16;termination
E0002301;C001089;2025-12-16;termination
E0002312;C001484;2025-12-16;termination
E0002234;C002103;2025-12-16;activation
E0002244;C002113;2025-12-16;activation
E0002249;C002118;2025-12-16;activation
E0002262;C002131;2025-12-16;activation
E0002267;C002136;2025-12-16;activation
E0002281;C002150;2025-12-16;activation
E0002294;C000752;2025-12-17;termination
E0002307;C001400;2025-12-17;termination
E0002280;C002149;2025-12-17;activation
E0002322;C001837;2025-12-18;termination
E0002291;C000587;2025-12-19;termination
E0002236;C002105;2025-12-19;activation
E0002298;C000902;2025-12-20;termination
E0002308;C001402;2025-12-20;termination
E0002240;C002109;2025-12-20;activation
E0002235;C002104;2025-12-21;activation
E0002252;C002121;2025-12-21;activation
E0002290;C000561;2025-12-22;termination
E0002303;C001226;2025-12-22;termination
E0002315;C001520;2025-12-22;termination
E0002327;C002027;2025-12-22;termination
E0002259;C002128;2025-12-22;activation
E0002274;C002143;2025-12-22;activation
E0002282;C000145;2025-12-23;termination
E0002319;C001743;2025-12-23;termination
E0002326;C001986;2025-12-23;termination
E0002255;C002124;2025-12-23;activation
E0002245;C002114;2025-12-24;activation
E0002318;C001674;2025-12-25;termination
E0002288;C000517;2025-12-26;termination
E0002293;C000660;2025-12-26;termination
E0002295;C000756;2025-12-26;termination
E0002313;C001486;2025-12-26;termination
E0002285;C000336;2025-12-27;termination
E0002305;C001305;2025-12-27;termination
E0002317;C001627;2025-12-27;termination
E0002260;C002129;2025-12-27;activation
E0002292;C000655;2025-12-28;termination
E0002239;C002108;2025-12-28;activation
E0002261;C002130;2025-12-28;activation
E0002311;C001471;2025-12-29;termination
E0002310;C001465;2025-12-30;termination
E0002316;C001589;2025-12-30;termination
E0002269;C002138;2025-12-30;activation
E0002276;C002145;2025-12-30;activation
E0002297;C000851;2025-12-31;termination
E0002247;C002116;2025-12-31;activation
E0002264;C002133;2025-12-31;activation
E0002270;C002139;2025-12-31;activation
E0002401;C001055;2026-01-03;termination
E0002421;C001855;2026-01-03;termination
E0002424;C001961;2026-01-03;termination
E0002359;C002180;2026-01-03;activation
E0002362;C002183;2026-01-03;activation
E0002330;C002151;2026-01-04;activation
E0002337;C002158;2026-01-04;activation
E0002331;C002152;2026-01-05;activation
E0002374;C002195;2026-01-05;activation
E0002335;C002156;2026-01-06;activation
E0002368;C002189;2026-01-06;activation
E0002391;C000416;2026-01-07;termination
E0002418;C001710;2026-01-07;termination
E0002425;C002045;2026-01-07;termination
E0002428;C002075;2026-01-07;termination
E0002347;C002168;2026-01-07;activation
E0002350;C002171;2026-01-07;activation
E0002370;C002191;2026-01-07;activation
E0002377;C002198;2026-01-07;activation
E0002380;C000009;2026-01-08;termination
E0002426;C002064;2026-01-08;termination
E0002342;C002163;2026-01-08;activation
E0002369;C002190;2026-01-08;activation
E0002385;C000217;2026-01-09;termination
E0002345;C002166;2026-01-09;activation
E0002363;C002184;2026-01-09;activation
E0002390;C000385;2026-01-10;termination
E0002409;C001399;2026-01-10;termination
E0002336;C002157;2026-01-10;activation
E0002344;C002165;2026-01-10;activation
E0002382;C000110;2026-01-12;termination
E0002387;C000269;2026-01-12;termination
E0002393;C000463;2026-01-12;termination
E0002419;C001762;2026-01-12;termination
E0002341;C002162;2026-01-12;activation
E0002355;C002176;2026-01-12;activation
E0002365;C002186;2026-01-12;activation
E0002354;C002175;2026-01-13;activation
E0002357;C002178;2026-01-13;activation
E0002392;C000462;2026-01-14;termination
E0002416;C001624;2026-01-14;termination
E0002422;C001865;2026-01-14;termination
E0002429;C002103;2026-01-14;termination
E0002352;C002173;2026-01-14;activation
E0002348;C002169;2026-01-15;activation
E0002358;C002179;2026-01-15;activation
E0002413;C001539;2026-01-16;termination
E0002384;C000157;2026-01-17;termination
E0002407;C001325;2026-01-17;termination
E0002408;C001382;2026-01-17;termination
E0002423;C001893;2026-01-17;termination
E0002373;C002194;2026-01-17;activation
E0002406;C001286;2026-01-18;termination
E0002333;C002154;2026-01-18;activation
E0002334;C002155;2026-01-18;activation
E0002353;C002174;2026-01-18;activation
E0002360;C002181;2026-01-18;activation
E0002417;C001707;2026-01-19;termination
E0002366;C002187;2026-01-19;activation
E0002378;C002199;2026-01-19;activation
E0002404;C001098;2026-01-20;termination
E0002340;C002161;2026-01-20;activation
E0002349;C002170;2026-01-20;activation
E0002400;C001050;2026-01-21;termination
E0002412;C001535;2026-01-21;termination
E0002361;C002182;2026-01-21;activation
E0002379;C002200;2026-01-21;activation
E0002395;C000564;2026-01-22;termination
E0002398;C000869;2026-01-22;termination
E0002402;C001068;2026-01-22;termination
E0002332;C002153;2026-01-22;activation
E0002372;C002193;2026-01-22;activation
E0002388;C000280;2026-01-23;termination
E0002415;C001590;2026-01-23;termination
E0002338;C002159;2026-01-23;activation
E0002371;C002192;2026-01-23;activation
E0002381;C000040;2026-01-24;termination
E0002420;C001807;2026-01-24;termination
E0002383;C000117;2026-01-25;termination
E0002389;C000332;2026-01-25;termination
E0002427;C002069;2026-01-25;termination
E0002351;C002172;2026-01-25;activation
E0002356;C002177;2026-01-25;activation
E0002375;C002196;2026-01-25;activation
E0002394;C000535;2026-01-26;termination
E0002410;C001401;2026-01-26;termination
E0002414;C001588;2026-01-26;termination
E0002343;C002164;2026-01-26;activation
E0002364;C002185;2026-01-27;activation
E0002376;C002197;2026-01-27;activation
E0002396;C000671;2026-01-29;termination
E0002403;C001080;2026-01-30;termination
E0002339;C002160;2026-01-30;activation
E0002367;C002188;2026-01-30;activation
E0002386;C000249;2026-01-31;termination
E0002397;C000852;2026-01-31;termination
E0002399;C001031;2026-01-31;termination
E0002405;C001115;2026-01-31;termination
E0002411;C001445;2026-01-31;termination
E0002346;C002167;2026-01-31;activation
E0002440;C002211;2026-02-02;activation
E0002465;C002236;2026-02-02;activation
E0002468;C002239;2026-02-02;activation
E0002474;C002245;2026-02-02;activation
E0002524;C002006;2026-02-03;termination
E0002530;C002094;2026-02-03;termination
E0002443;C002214;2026-02-03;activation
E0002454;C002225;2026-02-03;activation
E0002494;C000569;2026-02-04;termination
E0002501;C000776;2026-02-04;termination
E0002507;C001133;2026-02-04;termination
E0002517;C001641;2026-02-04;termination
E0002519;C001769;2026-02-04;termination
E0002442;C002213;2026-02-05;activation
E0002461;C002232;2026-02-05;activation
E0002472;C002243;2026-02-05;activation
E0002434;C002205;2026-02-06;activation
E0002477;C002248;2026-02-06;activation
E0002520;C001926;2026-02-07;termination
E0002441;C002212;2026-02-07;activation
E0002455;C002226;2026-02-07;activation
E0002499;C000696;2026-02-08;termination
E0002432;C002203;2026-02-08;activation
E0002483;C000138;2026-02-09;termination
E0002487;C000275;2026-02-09;termination
E0002436;C002207;2026-02-09;activation
E0002488;C000402;2026-02-10;termination
E0002490;C000455;2026-02-10;termination
E0002505;C000977;2026-02-10;termination
E0002430;C002201;2026-02-10;activation
E0002459;C002230;2026-02-10;activation
E0002503;C000892;2026-02-11;termination
E0002525;C002013;2026-02-11;termination
E0002439;C002210;2026-02-11;activation
E0002514;C001464;2026-02-12;termination
E0002515;C001555;2026-02-12;termination
E0002433;C002204;2026-02-12;activation
E0002450;C002221;2026-02-12;activation
E0002470;C002241;2026-02-12;activation
E0002500;C000761;2026-02-13;termination
E0002469;C002240;2026-02-13;activation
E0002502;C000884;2026-02-14;termination
E0002447;C002218;2026-02-14;activation
E0002466;C002237;2026-02-14;activation
E0002467;C002238;2026-02-14;activation
E0002484;C000148;2026-02-15;termination
E0002493;C000559;2026-02-15;termination
E0002497;C000659;2026-02-15;termination
E0002509;C001174;2026-02-15;termination
E0002435;C002206;2026-02-15;activation
E0002486;C000259;2026-02-16;termination
E0002506;C001051;2026-02-16;termination
E0002444;C002215;2026-02-16;activation
E0002462;C002233;2026-02-16;activation
E0002463;C002234;2026-02-16;activation
E0002495;C000574;2026-02-17;termination
E0002449;C002220;2026-02-17;activation
E0002460;C002231;2026-02-17;activation
E0002531;C002182;2026-02-18;termination
E0002431;C002202;2026-02-18;activation
E0002457;C002228;2026-02-18;activation
E0002473;C002244;2026-02-18;activation
E0002478;C002249;2026-02-18;activation
E0002485;C000166;2026-02-19;termination
E0002489;C000439;2026-02-19;termination
E0002491;C000520;2026-02-19;termination
E0002504;C000913;2026-02-19;termination
E0002438;C002209;2026-02-19;activation
E0002448;C002219;2026-02-19;activation
E0002456;C002227;2026-02-19;activation
E0002516;C001636;2026-02-20;termination
E0002521;C001972;2026-02-20;termination
E0002446;C002217;2026-02-20;activation
E0002481;C000070;2026-02-21;termination
E0002526;C002034;2026-02-21;termination
E0002496;C000593;2026-02-22;termination
E0002518;C001765;2026-02-22;termination
E0002529;C002092;2026-02-22;termination
E0002445;C002216;2026-02-22;activation
E0002523;C001991;2026-02-23;termination
E0002482;C000118;2026-02-24;termination
E0002510;C001176;2026-02-24;termination
E0002527;C002046;2026-02-24;termination
E0002453;C002224;2026-02-24;activation
E0002464;C002235;2026-02-24;activation
E0002480;C000031;2026-02-25;termination
E0002498;C000663;2026-02-25;termination
E0002513;C001371;2026-02-25;termination
E0002528;C002072;2026-02-25;termination
E0002508;C001140;2026-02-26;termination
E0002511;C001215;2026-02-26;termination
E0002522;C001975;2026-02-26;termination
E0002451;C002222;2026-02-26;activation
E0002475;C002246;2026-02-26;activation
E0002492;C000531;2026-02-27;termination
E0002512;C001240;2026-02-27;termination
E0002437;C002208;2026-02-27;activation
E0002476;C002247;2026-02-27;activation
E0002452;C002223;2026-02-28;activation
E0002458;C002229;2026-02-28;activation
E0002471;C002242;2026-02-28;activation
E0002479;C002250;2026-02-28;activation
E0002549;C002268;2026-03-02;activation
E0002600;C000758;2026-03-03;termination
E0002607;C001015;2026-03-03;termination
E0002609;C001046;2026-03-03;termination
E0002623;C001542;2026-03-03;termination
E0002547;C002266;2026-03-03;activation
E0002554;C002273;2026-03-03;activation
E0002589;C000258;2026-03-04;termination
E0002632;C002117;2026-03-04;termination
E0002536;C002255;2026-03-04;activation
E0002569;C002288;2026-03-04;activation
E0002583;C000195;2026-03-05;termination
E0002596;C000526;2026-03-05;termination
E0002584;C000206;2026-03-06;termination
E0002620;C001474;2026-03-06;termination
E0002625;C001726;2026-03-06;termination
E0002577;C002296;2026-03-06;activation
E0002606;C000972;2026-03-07;termination
E0002635;C002225;2026-03-07;termination
E0002544;C002263;2026-03-07;activation
E0002552;C002271;2026-03-07;activation
E0002561;C002280;2026-03-07;activation
E0002581;C002300;2026-03-08;activation
E0002599;C000741;2026-03-09;termination
E0002622;C001491;2026-03-09;termination
E0002627;C001834;2026-03-09;termination
E0002602;C000843;2026-03-10;termination
E0002618;C001440;2026-03-10;termination
E0002630;C001998;2026-03-10;termination
E0002565;C002284;2026-03-10;activation
E0002588;C000248;2026-03-11;termination
E0002545;C002264;2026-03-11;activation
E0002572;C002291;2026-03-11;activation
E0002585;C000220;2026-03-12;termination
E0002538;C002257;2026-03-12;activation
E0002559;C002278;2026-03-12;activation
E0002573;C002292;2026-03-12;activation
E0002595;C000501;2026-03-13;termination
E0002603;C000860;2026-03-13;termination
E0002621;C001485;2026-03-13;termination
E0002608;C001017;2026-03-14;termination
E0002611;C001165;2026-03-14;termination
E0002558;C002277;2026-03-14;activation
E0002605;C000961;2026-03-15;termination
E0002619;C001460;2026-03-15;termination
E0002579;C002298;2026-03-15;activation
E0002543;C002262;2026-03-16;activation
E0002567;C002286;2026-03-16;activation
E0002614;C001359;2026-03-17;termination
E0002541;C002260;2026-03-17;activation
E0002594;C000499;2026-03-18;termination
E0002633;C002146;2026-03-18;termination
E0002546;C002265;2026-03-18;activation
E0002586;C000238;2026-03-19;termination
E0002617;C001427;2026-03-19;termination
E0002626;C001748;2026-03-19;termination
E0002631;C002059;2026-03-19;termination
E0002560;C002279;2026-03-19;activation
E0002564;C002283;2026-03-19;activation
E0002571;C002290;2026-03-19;activation
E0002568;C002287;2026-03-20;activation
E0002575;C002294;2026-03-20;activation
E0002597;C000714;2026-03-21;termination
E0002629;C001987;2026-03-21;termination
E0002540;C002259;2026-03-21;activation
E0002590;C000262;2026-03-22;termination
E0002534;C002253;2026-03-22;activation
E0002578;C002297;2026-03-22;activation
E0002550;C002269;2026-03-23;activation
E0002566;C002285;2026-03-23;activation
E0002582;C000175;2026-03-24;termination
E0002592;C000354;2026-03-24;termination
E0002613;C001290;2026-03-24;termination
E0002532;C002251;2026-03-24;activation
E0002533;C002252;2026-03-24;activation
E0002539;C002258;2026-03-24;activation
E0002548;C002267;2026-03-24;activation
E0002555;C002274;2026-03-24;activation
E0002562;C002281;2026-03-24;activation
E0002580;C002299;2026-03-24;activation
E0002601;C000832;2026-03-25;termination
E0002615;C001365;2026-03-25;termination
E0002624;C001621;2026-03-25;termination
E0002570;C002289;2026-03-26;activation
E0002598;C000739;2026-03-27;termination
E0002612;C001179;2026-03-27;termination
E0002616;C001424;2026-03-27;termination
E0002535;C002254;2026-03-27;activation
E0002542;C002261;2026-03-27;activation
E0002557;C002276;2026-03-27;activation
E0002574;C002293;2026-03-27;activation
E0002576;C002295;2026-03-27;activation
E0002610;C001147;2026-03-28;termination
E0002551;C002270;2026-03-28;activation
E0002604;C000900;2026-03-29;termination
E0002628;C001923;2026-03-29;termination
E0002634;C002170;2026-03-29;termination
E0002553;C002272;2026-03-29;activation
E0002563;C002282;2026-03-29;activation
E0002587;C000239;2026-03-30;termination
E0002593;C000376;2026-03-30;termination
E0002591;C000347;2026-03-31;termination
E0002537;C002256;2026-03-31;activation
E0002556;C002275;2026-03-31;activation
E0002636;C002301;2026-04-02;activation
E0002695;C000417;2026-04-03;termination
E0002711;C000909;2026-04-03;termination
E0002731;C002080;2026-04-03;termination
E0002642;C002307;2026-04-03;activation
E0002672;C002337;2026-04-03;activation
E0002704;C000677;2026-04-04;termination
E0002662;C002327;2026-04-04;activation
E0002691;C000236;2026-04-05;termination
E0002697;C000447;2026-04-05;termination
E0002713;C000968;2026-04-05;termination
E0002648;C002313;2026-04-05;activation
E0002659;C002324;2026-04-05;activation
E0002718;C001274;2026-04-06;termination
E0002640;C002305;2026-04-06;activation
E0002656;C002321;2026-04-06;activation
E0002682;C002347;2026-04-06;activation
E0002689;C000174;2026-04-07;termination
E0002680;C002345;2026-04-07;activation
E0002686;C000057;2026-04-08;termination
E0002705;C000771;2026-04-08;termination
E0002727;C001830;2026-04-08;termination
E0002732;C002084;2026-04-08;termination
E0002645;C002310;2026-04-08;activation
E0002676;C002341;2026-04-08;activation
E0002739;C002243;2026-04-09;termination
E0002683;C002348;2026-04-09;activation
E0002703;C000673;2026-04-10;termination
E0002720;C001320;2026-04-10;termination
E0002637;C002302;2026-04-10;activation
E0002678;C002343;2026-04-10;activation
E0002679;C002344;2026-04-10;activation
E0002692;C000250;2026-04-11;termination
E0002719;C001308;2026-04-11;termination
E0002734;C002130;2026-04-11;termination
E0002735;C002138;2026-04-11;termination
E0002674;C002339;2026-04-11;activation
E0002651;C002316;2026-04-12;activation
E0002669;C002334;2026-04-12;activation
E0002698;C000481;2026-04-13;termination
E0002701;C000560;2026-04-13;termination
E0002709;C000904;2026-04-13;termination
E0002715;C001033;2026-04-13;termination
E0002721;C001395;2026-04-13;termination
E0002728;C001892;2026-04-13;termination
E0002670;C002335;2026-04-14;activation
E0002726;C001812;2026-04-15;termination
E0002730;C001976;2026-04-15;termination
E0002643;C002308;2026-04-15;activation
E0002706;C000780;2026-04-16;termination
E0002710;C000907;2026-04-16;termination
E0002724;C001686;2026-04-16;termination
E0002649;C002314;2026-04-16;activation
E0002723;C001562;2026-04-17;termination
E0002741;C002277;2026-04-17;termination
E0002646;C002311;2026-04-17;activation
E0002708;C000896;2026-04-18;termination
E0002725;C001788;2026-04-18;termination
E0002675;C002340;2026-04-18;activation
E0002740;C002268;2026-04-19;termination
E0002653;C002318;2026-04-19;activation
E0002658;C002323;2026-04-19;activation
E0002714;C000986;2026-04-20;termination
E0002673;C002338;2026-04-20;activation
E0002699;C000495;2026-04-21;termination
E0002644;C002309;2026-04-21;activation
E0002687;C000074;2026-04-22;termination
E0002690;C000207;2026-04-22;termination
E0002693;C000271;2026-04-22;termination
E0002712;C000912;2026-04-22;termination
E0002671;C002336;2026-04-22;activation
E0002700;C000534;2026-04-23;termination
E0002707;C000786;2026-04-23;termination
E0002733;C002111;2026-04-23;termination
E0002736;C002195;2026-04-23;termination
E0002738;C002232;2026-04-23;termination
E0002654;C002319;2026-04-23;activation
E0002677;C002342;2026-04-23;activation
E0002638;C002303;2026-04-24;activation
E0002652;C002317;2026-04-24;activation
E0002657;C002322;2026-04-24;activation
E0002660;C002325;2026-04-24;activation
E0002684;C002349;2026-04-24;activation
E0002717;C001188;2026-04-25;termination
E0002647;C002312;2026-04-25;activation
E0002666;C002331;2026-04-26;activation
E0002694;C000279;2026-04-27;termination
E0002696;C000442;2026-04-27;termination
E0002737;C002206;2026-04-27;termination
E0002655;C002320;2026-04-27;activation
E0002667;C002332;2026-04-27;activation
E0002668;C002333;2026-04-27;activation
E0002702;C000664;2026-04-28;termination
E0002716;C001036;2026-04-28;termination
E0002664;C002329;2026-04-28;activation
E0002681;C002346;2026-04-28;activation
E0002688;C000162;2026-04-29;termination
E0002722;C001439;2026-04-29;termination
E0002639;C002304;2026-04-29;activation
E0002641;C002306;2026-04-29;activation
E0002650;C002315;2026-04-29;activation
E0002663;C002328;2026-04-29;activation
E0002665;C002330;2026-04-29;activation
E0002685;C002350;2026-04-29;activation
E0002729;C001922;2026-04-30;termination
E0002661;C002326;2026-04-30;activation
E0002745;C002354;2026-05-02;activation
E0002819;C001212;2026-05-03;termination
E0002833;C001640;2026-05-03;termination
E0002748;C002357;2026-05-04;activation
E0002753;C002362;2026-05-04;activation
E0002783;C002392;2026-05-04;activation
E0002792;C000066;2026-05-05;termination
E0002763;C002372;2026-05-05;activation
E0002800;C000401;2026-05-06;termination
E0002848;C002310;2026-05-06;termination
E0002744;C002353;2026-05-06;activation
E0002762;C002371;2026-05-06;activation
E0002845;C002222;2026-05-07;termination
E0002781;C002390;2026-05-07;activation
E0002790;C002399;2026-05-07;activation
E0002812;C000973;2026-05-08;termination
E0002841;C002100;2026-05-08;termination
E0002760;C002369;2026-05-08;activation
E0002773;C002382;2026-05-08;activation
E0002776;C002385;2026-05-08;activation
E0002778;C002387;2026-05-08;activation
E0002747;C002356;2026-05-09;activation
E0002757;C002366;2026-05-09;activation
E0002758;C002367;2026-05-09;activation
E0002766;C002375;2026-05-09;activation
E0002772;C002381;2026-05-09;activation
E0002807;C000834;2026-05-10;termination
E0002808;C000864;2026-05-10;termination
E0002846;C002241;2026-05-10;termination
E0002824;C001326;2026-05-11;termination
E0002828;C001514;2026-05-11;termination
E0002829;C001518;2026-05-11;termination
E0002830;C001527;2026-05-11;termination
E0002752;C002361;2026-05-12;activation
E0002755;C002364;2026-05-12;activation
E0002821;C001236;2026-05-13;termination
E0002836;C001730;2026-05-13;termination
E0002751;C002360;2026-05-13;activation
E0002769;C002378;2026-05-13;activation
E0002775;C002384;2026-05-13;activation
E0002814;C001099;2026-05-14;termination
E0002838;C002022;2026-05-14;termination
E0002767;C002376;2026-05-14;activation
E0002782;C002391;2026-05-14;activation
E0002805;C000806;2026-05-15;termination
E0002809;C000871;2026-05-15;termination
E0002754;C002363;2026-05-15;activation
E0002759;C002368;2026-05-15;activation
E0002764;C002373;2026-05-15;activation
E0002780;C002389;2026-05-15;activation
E0002834;C001681;2026-05-16;termination
E0002793;C000068;2026-05-17;termination
E0002797;C000343;2026-05-17;termination
E0002761;C002370;2026-05-17;activation
E0002785;C002394;2026-05-17;activation
E0002796;C000338;2026-05-18;termination
E0002810;C000951;2026-05-18;termination
E0002823;C001309;2026-05-18;termination
E0002750;C002359;2026-05-18;activation
E0002765;C002374;2026-05-18;activation
E0002847;C002269;2026-05-19;termination
E0002784;C002393;2026-05-19;activation
E0002774;C002383;2026-05-20;activation
E0002801;C000452;2026-05-21;termination
E0002826;C001476;2026-05-21;termination
E0002746;C002355;2026-05-21;activation
E0002768;C002377;2026-05-21;activation
E0002817;C001182;2026-05-22;termination
E0002843;C002144;2026-05-22;termination
E0002788;C002397;2026-05-22;activation
E0002818;C001199;2026-05-23;termination
E0002835;C001713;2026-05-23;termination
E0002840;C002065;2026-05-23;termination
E0002742;C002351;2026-05-23;activation
E0002794;C000214;2026-05-24;termination
E0002802;C000513;2026-05-24;termination
E0002770;C002379;2026-05-24;activation
E0002786;C002395;2026-05-24;activation
E0002795;C000323;2026-05-25;termination
E0002798;C000350;2026-05-25;termination
E0002806;C000828;2026-05-25;termination
E0002820;C001231;2026-05-25;termination
E0002832;C001606;2026-05-25;termination
E0002842;C002136;2026-05-25;termination
E0002849;C002340;2026-05-25;termination
E0002779;C002388;2026-05-25;activation
E0002816;C001157;2026-05-26;termination
E0002825;C001340;2026-05-26;termination
E0002771;C002380;2026-05-26;activation
E0002813;C001045;2026-05-27;termination
E0002844;C002216;2026-05-27;termination
E0002743;C002352;2026-05-27;activation
E0002756;C002365;2026-05-27;activation
E0002811;C000954;2026-05-28;termination
E0002839;C002044;2026-05-28;termination
E0002777;C002386;2026-05-28;activation
E0002787;C002396;2026-05-28;activation
E0002789;C002398;2026-05-28;activation
E0002791;C002400;2026-05-28;activation
E0002827;C001499;2026-05-29;termination
E0002831;C001572;2026-05-29;termination
E0002837;C001808;2026-05-29;termination
E0002749;C002358;2026-05-29;activation
E0002799;C000358;2026-05-30;termination
E0002803;C000688;2026-05-30;termination
E0002804;C000730;2026-05-30;termination
E0002822;C001263;2026-05-30;termination
E0002815;C001136;2026-05-31;termination
E0002870;C002421;2026-06-02;activation
E0002878;C002429;2026-06-02;activation
E0002883;C002434;2026-06-02;activation
E0002902;C000168;2026-06-03;termination
E0002926;C001203;2026-06-03;termination
E0002929;C001352;2026-06-03;termination
E0002946;C002099;2026-06-03;termination
E0002851;C002402;2026-06-03;activation
E0002866;C002417;2026-06-03;activation
E0002905;C000253;2026-06-04;termination
E0002914;C000719;2026-06-04;termination
E0002916;C000725;2026-06-04;termination
E0002954;C002320;2026-06-04;termination
E0002862;C002413;2026-06-04;activation
E0002871;C002422;2026-06-04;activation
E0002891;C002442;2026-06-04;activation
E0002900;C000011;2026-06-05;termination
E0002907;C000315;2026-06-05;termination
E0002911;C000454;2026-06-05;termination
E0002917;C000733;2026-06-05;termination
E0002922;C001029;2026-06-05;termination
E0002923;C001067;2026-06-05;termination
E0002944;C002002;2026-06-05;termination
E0002945;C002032;2026-06-05;termination
E0002856;C002407;2026-06-05;activation
E0002857;C002408;2026-06-05;activation
E0002859;C002410;2026-06-05;activation
E0002930;C001410;2026-06-06;termination
E0002852;C002403;2026-06-06;activation
E0002881;C002432;2026-06-06;activation
E0002887;C002438;2026-06-06;activation
E0002904;C000243;2026-06-07;termination
E0002913;C000631;2026-06-07;termination
E0002920;C001005;2026-06-07;termination
E0002955;C002323;2026-06-07;termination
E0002869;C002420;2026-06-07;activation
E0002860;C002411;2026-06-08;activation
E0002895;C002446;2026-06-08;activation
E0002951;C002201;2026-06-09;termination
E0002892;C002443;2026-06-09;activation
E0002896;C002447;2026-06-09;activation
E0002925;C001139;2026-06-10;termination
E0002850;C002401;2026-06-10;activation
E0002882;C002433;2026-06-10;activation
E0002898;C002449;2026-06-10;activation
E0002942;C001900;2026-06-11;termination
E0002879;C002430;2026-06-11;activation
E0002890;C002441;2026-06-11;activation
E0002901;C000015;2026-06-12;termination
E0002908;C000335;2026-06-12;termination
E0002953;C002237;2026-06-12;termination
E0002957;C002339;2026-06-12;termination
E0002854;C002405;2026-06-12;activation
E0002936;C001614;2026-06-13;termination
E0002943;C001945;2026-06-13;termination
E0002959;C002376;2026-06-13;termination
E0002918;C000853;2026-06-14;termination
E0002935;C001573;2026-06-14;termination
E0002853;C002404;2026-06-14;activation
E0002875;C002426;2026-06-14;activation
E0002876;C002427;2026-06-14;activation
E0002921;C001013;2026-06-15;termination
E0002938;C001718;2026-06-15;termination
E0002884;C002435;2026-06-15;activation
E0002868;C002419;2026-06-16;activation
E0002939;C001761;2026-06-17;termination
E0002861;C002412;2026-06-17;activation
E0002863;C002414;2026-06-17;activation
E0002947;C002148;2026-06-18;termination
E0002919;C000897;2026-06-19;termination
E0002937;C001704;2026-06-19;termination
E0002940;C001782;2026-06-19;termination
E0002872;C002423;2026-06-19;activation
E0002933;C001481;2026-06-20;termination
E0002941;C001785;2026-06-20;termination
E0002874;C002425;2026-06-20;activation
E0002877;C002428;2026-06-20;activation
E0002948;C002151;2026-06-21;termination
E0002958;C002355;2026-06-21;termination
E0002888;C002439;2026-06-21;activation
E0002855;C002406;2026-06-22;activation
E0002858;C002409;2026-06-22;activation
E0002873;C002424;2026-06-22;activation
E0002894;C002445;2026-06-22;activation
E0002924;C001106;2026-06-23;termination
E0002950;C002187;2026-06-23;termination
E0002952;C002236;2026-06-23;termination
E0002889;C002440;2026-06-23;activation
E0002897;C002448;2026-06-23;activation
E0002934;C001511;2026-06-24;termination
E0002867;C002418;2026-06-24;activation
E0002915;C000724;2026-06-26;termination
E0002864;C002415;2026-06-26;activation
E0002865;C002416;2026-06-26;activation
E0002886;C002437;2026-06-26;activation
E0002899;C002450;2026-06-26;activation
E0002910;C000440;2026-06-27;termination
E0002912;C000509;2026-06-27;termination
E0002931;C001413;2026-06-27;termination
E0002880;C002431;2026-06-27;activation
E0002893;C002444;2026-06-27;activation
E0002906;C000288;2026-06-28;termination
E0002909;C000411;2026-06-28;termination
E0002932;C001477;2026-06-28;termination
E0002903;C000179;2026-06-30;termination
E0002927;C001275;2026-06-30;termination
E0002928;C001301;2026-06-30;termination
E0002949;C002162;2026-06-30;termination
E0002956;C002329;2026-06-30;termination
E0002885;C002436;2026-06-30;activation
E0002981;C002472;2026-07-02;activation
E0003048;C001564;2026-07-03;termination
E0003050;C001595;2026-07-03;termination
E0002970;C002461;2026-07-03;activation
E0002971;C002462;2026-07-03;activation
E0002987;C002478;2026-07-03;activation
E0002989;C002480;2026-07-03;activation
E0003034;C000962;2026-07-04;termination
E0003043;C001350;2026-07-04;termination
E0003064;C002286;2026-07-04;termination
E0003026;C000630;2026-07-05;termination
E0003065;C002287;2026-07-05;termination
E0002960;C002451;2026-07-05;activation
E0002963;C002454;2026-07-05;activation
E0002986;C002477;2026-07-05;activation
E0003016;C000088;2026-07-06;termination
E0003041;C001341;2026-07-06;termination
E0002965;C002456;2026-07-06;activation
E0002966;C002457;2026-07-06;activation
E0002967;C002458;2026-07-06;activation
E0002979;C002470;2026-07-06;activation
E0002988;C002479;2026-07-06;activation
E0003009;C002500;2026-07-06;activation
E0003029;C000646;2026-07-07;termination
E0003031;C000695;2026-07-07;termination
E0003032;C000702;2026-07-07;termination
E0003059;C002048;2026-07-08;termination
E0002968;C002459;2026-07-08;activation
E0003013;C000059;2026-07-09;termination
E0003019;C000129;2026-07-09;termination
E0003039;C001254;2026-07-09;termination
E0003055;C001858;2026-07-09;termination
E0003007;C002498;2026-07-09;activation
E0003017;C000095;2026-07-10;termination
E0003063;C002246;2026-07-10;termination
E0002990;C002481;2026-07-10;activation
E0002973;C002464;2026-07-11;activation
E0002992;C002483;2026-07-11;activation
E0003006;C002497;2026-07-11;activation
E0003036;C001064;2026-07-12;termination
E0002972;C002463;2026-07-12;activation
E0003001;C002492;2026-07-12;activation
E0003042;C001346;2026-07-13;termination
E0002982;C002473;2026-07-13;activation
E0002991;C002482;2026-07-13;activation
E0003028;C000642;2026-07-14;termination
E0003033;C000775;2026-07-14;termination
E0003044;C001367;2026-07-14;termination
E0003047;C001438;2026-07-14;termination
E0003057;C001999;2026-07-14;termination
E0003060;C002116;2026-07-14;termination
E0002980;C002471;2026-07-14;activation
E0002997;C002488;2026-07-14;activation
E0003005;C002496;2026-07-14;activation
E0003020;C000155;2026-07-15;termination
E0003058;C002010;2026-07-15;termination
E0002995;C002486;2026-07-15;activation
E0003021;C000289;2026-07-16;termination
E0003022;C000290;2026-07-16;termination
E0003023;C000294;2026-07-16;termination
E0002974;C002465;2026-07-16;activation
E0002996;C002487;2026-07-16;activation
E0002961;C002452;2026-07-17;activation
E0003068;C002359;2026-07-18;termination
E0003071;C002440;2026-07-18;termination
E0002969;C002460;2026-07-18;activation
E0002977;C002468;2026-07-18;activation
E0003004;C002495;2026-07-18;activation
E0003014;C000063;2026-07-19;termination
E0003056;C001888;2026-07-19;termination
E0003010;C000003;2026-07-20;termination
E0003012;C000051;2026-07-20;termination
E0003024;C000295;2026-07-20;termination
E0003038;C001187;2026-07-20;termination
E0002994;C002485;2026-07-20;activation
E0003002;C002493;2026-07-20;activation
E0003035;C001028;2026-07-21;termination
E0003046;C001411;2026-07-21;termination
E0003051;C001615;2026-07-21;termination
E0003049;C001579;2026-07-22;termination
E0003070;C002415;2026-07-22;termination
E0003018;C000096;2026-07-23;termination
E0003015;C000087;2026-07-24;termination
E0003030;C000669;2026-07-24;termination
E0002999;C002490;2026-07-24;activation
E0003003;C002494;2026-07-24;activation
E0003040;C001280;2026-07-25;termination
E0002983;C002474;2026-07-25;activation
E0002985;C002476;2026-07-25;activation
E0003037;C001085;2026-07-26;termination
E0002976;C002467;2026-07-26;activation
E0002993;C002484;2026-07-26;activation
E0003027;C000634;2026-07-27;termination
E0002984;C002475;2026-07-27;activation
E0002998;C002489;2026-07-27;activation
E0003011;C000043;2026-07-28;termination
E0003025;C000418;2026-07-28;termination
E0003052;C001776;2026-07-28;termination
E0003062;C002190;2026-07-28;termination
E0002962;C002453;2026-07-28;activation
E0003069;C002405;2026-07-29;termination
E0003053;C001792;2026-07-30;termination
E0003054;C001833;2026-07-30;termination
E0002964;C002455;2026-07-30;activation
E0003000;C002491;2026-07-30;activation
E0003045;C001370;2026-07-31;termination
E0003061;C002186;2026-07-31;termination
E0003066;C002311;2026-07-31;termination
E0003067;C002350;2026-07-31;termination
E0002975;C002466;2026-07-31;activation
E0002978;C002469;2026-07-31;activation
E0003008;C002499;2026-07-31;activation
E0003085;C002514;2026-08-02;activation
E0003097;C002526;2026-08-02;activation
E0003162;C001820;2026-08-03;termination
E0003100;C002529;2026-08-03;activation
E0003122;C000014;2026-08-04;termination
E0003140;C000833;2026-08-04;termination
E0003153;C001375;2026-08-04;termination
E0003177;C002347;2026-08-04;termination
E0003180;C002390;2026-08-04;termination
E0003096;C002525;2026-08-04;activation
E0003131;C000450;2026-08-05;termination
E0003073;C002502;2026-08-05;activation
E0003095;C002524;2026-08-05;activation
E0003154;C001389;2026-08-06;termination
E0003079;C002508;2026-08-06;activation
E0003124;C000049;2026-08-07;termination
E0003173;C002265;2026-08-07;termination
E0003082;C002511;2026-08-07;activation
E0003160;C001680;2026-08-08;termination
E0003164;C001898;2026-08-08;termination
E0003072;C002501;2026-08-08;activation
E0003094;C002523;2026-08-08;activation
E0003136;C000608;2026-08-09;termination
E0003147;C001057;2026-08-09;termination
E0003163;C001897;2026-08-09;termination
E0003083;C002512;2026-08-09;activation
E0003091;C002520;2026-08-09;activation
E0003098;C002527;2026-08-09;activation
E0003106;C002535;2026-08-09;activation
E0003159;C001672;2026-08-10;termination
E0003175;C002293;2026-08-10;termination
E0003074;C002503;2026-08-10;activation
E0003118;C002547;2026-08-10;activation
E0003149;C001094;2026-08-11;termination
E0003155;C001473;2026-08-11;termination
E0003172;C002252;2026-08-12;termination
E0003104;C002533;2026-08-12;activation
E0003166;C001974;2026-08-13;termination
E0003169;C002143;2026-08-13;termination
E0003174;C002275;2026-08-13;termination
E0003176;C002313;2026-08-13;termination
E0003076;C002505;2026-08-13;activation
E0003078;C002507;2026-08-13;activation
E0003088;C002517;2026-08-13;activation
E0003128;C000301;2026-08-14;termination
E0003139;C000747;2026-08-14;termination
E0003086;C002515;2026-08-14;activation
E0003115;C002544;2026-08-14;activation
E0003120;C002549;2026-08-14;activation
E0003134;C000470;2026-08-15;termination
E0003144;C001020;2026-08-15;termination
E0003127;C000242;2026-08-16;termination
E0003148;C001083;2026-08-16;termination
E0003146;C001047;2026-08-17;termination
E0003152;C001329;2026-08-17;termination
E0003165;C001928;2026-08-17;termination
E0003080;C002509;2026-08-17;activation
E0003123;C000018;2026-08-18;termination
E0003138;C000742;2026-08-18;termination
E0003157;C001529;2026-08-18;termination
E0003077;C002506;2026-08-18;activation
E0003089;C002518;2026-08-18;activation
E0003119;C002548;2026-08-18;activation
E0003158;C001669;2026-08-19;termination
E0003161;C001800;2026-08-19;termination
E0003170;C002197;2026-08-19;termination
E0003171;C002223;2026-08-19;termination
E0003099;C002528;2026-08-19;activation
E0003111;C002540;2026-08-19;activation
E0003141;C000848;2026-08-20;termination
E0003143;C001003;2026-08-20;termination
E0003081;C002510;2026-08-20;activation
E0003108;C002537;2026-08-20;activation
E0003129;C000346;2026-08-21;termination
E0003102;C002531;2026-08-21;activation
E0003113;C002542;2026-08-21;activation
E0003167;C002005;2026-08-22;termination
E0003182;C002427;2026-08-22;termination
E0003109;C002538;2026-08-22;activation
E0003116;C002545;2026-08-22;activation
E0003126;C000197;2026-08-23;termination
E0003142;C000975;2026-08-23;termination
E0003075;C002504;2026-08-23;activation
E0003135;C000521;2026-08-24;termination
E0003117;C002546;2026-08-24;activation
E0003132;C000467;2026-08-25;termination
E0003101;C002530;2026-08-25;activation
E0003114;C002543;2026-08-25;activation
E0003150;C001142;2026-08-26;termination
E0003168;C002025;2026-08-26;termination
E0003137;C000621;2026-08-27;termination
E0003110;C002539;2026-08-27;activation
E0003121;C002550;2026-08-27;activation
E0003130;C000360;2026-08-28;termination
E0003145;C001025;2026-08-28;termination
E0003181;C002391;2026-08-28;termination
E0003103;C002532;2026-08-28;activation
E0003107;C002536;2026-08-28;activation
E0003125;C000180;2026-08-29;termination
E0003156;C001501;2026-08-29;termination
E0003178;C002354;2026-08-29;termination
E0003179;C002375;2026-08-29;termination
E0003112;C002541;2026-08-29;activation
E0003151;C001175;2026-08-30;termination
E0003183;C002448;2026-08-30;termination
E0003184;C002470;2026-08-30;termination
E0003090;C002519;2026-08-30;activation
E0003105;C002534;2026-08-30;activation
E0003133;C000468;2026-08-31;termination
E0003084;C002513;2026-08-31;activation
E0003087;C002516;2026-08-31;activation
E0003092;C002521;2026-08-31;activation
E0003093;C002522;2026-08-31;activation
E0003186;C002552;2026-09-02;activation
E0003245;C000500;2026-09-03;termination
E0003255;C000995;2026-09-03;termination
E0003293;C002314;2026-09-03;termination
E0003185;C002551;2026-09-03;activation
E0003208;C002574;2026-09-03;activation
E0003211;C002577;2026-09-03;activation
E0003269;C001467;2026-09-04;termination
E0003227;C002593;2026-09-04;activation
E0003254;C000970;2026-09-05;termination
E0003261;C001192;2026-09-05;termination
E0003279;C001877;2026-09-05;termination
E0003286;C002122;2026-09-05;termination
E0003194;C002560;2026-09-05;activation
E0003209;C002575;2026-09-05;activation
E0003218;C002584;2026-09-05;activation
E0003264;C001243;2026-09-06;termination
E0003270;C001507;2026-09-06;termination
E0003201;C002567;2026-09-06;activation
E0003220;C002586;2026-09-06;activation
E0003236;C000092;2026-09-07;termination
E0003275;C001728;2026-09-07;termination
E0003242;C000339;2026-09-08;termination
E0003250;C000816;2026-09-08;termination
E0003263;C001235;2026-09-09;termination
E0003298;C002374;2026-09-09;termination
E0003299;C002507;2026-09-09;termination
E0003206;C002572;2026-09-09;activation
E0003252;C000894;2026-09-10;termination
E0003259;C001148;2026-09-10;termination
E0003188;C002554;2026-09-10;activation
E0003207;C002573;2026-09-10;activation
E0003296;C002367;2026-09-11;termination
E0003210;C002576;2026-09-11;activation
E0003260;C001191;2026-09-12;termination
E0003272;C001647;2026-09-12;termination
E0003277;C001822;2026-09-12;termination
E0003290;C002258;2026-09-12;termination
E0003202;C002568;2026-09-12;activation
E0003204;C002570;2026-09-12;activation
E0003215;C002581;2026-09-12;activation
E0003246;C000549;2026-09-14;termination
E0003287;C002163;2026-09-14;termination
E0003294;C002319;2026-09-14;termination
E0003190;C002556;2026-09-14;activation
E0003217;C002583;2026-09-14;activation
E0003221;C002587;2026-09-14;activation
E0003224;C002590;2026-09-14;activation
E0003244;C000464;2026-09-15;termination
E0003205;C002571;2026-09-15;activation
E0003222;C002588;2026-09-15;activation
E0003256;C001008;2026-09-16;termination
E0003265;C001257;2026-09-16;termination
E0003266;C001366;2026-09-16;termination
E0003268;C001448;2026-09-16;termination
E0003284;C001985;2026-09-16;termination
E0003285;C002110;2026-09-16;termination
E0003292;C002308;2026-09-16;termination
E0003195;C002561;2026-09-16;activation
E0003200;C002566;2026-09-16;activation
E0003229;C002595;2026-09-16;activation
E0003280;C001902;2026-09-17;termination
E0003216;C002582;2026-09-17;activation
E0003226;C002592;2026-09-17;activation
E0003239;C000186;2026-09-18;termination
E0003289;C002247;2026-09-19;termination
E0003192;C002558;2026-09-19;activation
E0003233;C002599;2026-09-19;activation
E0003235;C000042;2026-09-20;termination
E0003281;C001915;2026-09-20;termination
E0003231;C002597;2026-09-20;activation
E0003240;C000265;2026-09-21;termination
E0003258;C001119;2026-09-21;termination
E0003262;C001217;2026-09-21;termination
E0003274;C001675;2026-09-21;termination
E0003199;C002565;2026-09-21;activation
E0003203;C002569;2026-09-21;activation
E0003214;C002580;2026-09-21;activation
E0003283;C001966;2026-09-22;termination
E0003189;C002555;2026-09-22;activation
E0003191;C002557;2026-09-22;activation
E0003196;C002562;2026-09-22;activation
E0003197;C002563;2026-09-22;activation
E0003238;C000176;2026-09-24;termination
E0003241;C000328;2026-09-24;termination
E0003249;C000788;2026-09-24;termination
E0003291;C002261;2026-09-24;termination
E0003219;C002585;2026-09-24;activation
E0003271;C001549;2026-09-25;termination
E0003273;C001673;2026-09-25;termination
E0003297;C002368;2026-09-25;termination
E0003225;C002591;2026-09-25;activation
E0003234;C002600;2026-09-25;activation
E0003295;C002321;2026-09-26;termination
E0003187;C002553;2026-09-26;activation
E0003193;C002559;2026-09-26;activation
E0003247;C000625;2026-09-27;termination
E0003253;C000938;2026-09-27;termination
E0003257;C001042;2026-09-27;termination
E0003198;C002564;2026-09-27;activation
E0003232;C002598;2026-09-27;activation
E0003237;C000130;2026-09-28;termination
E0003243;C000374;2026-09-28;termination
E0003251;C000885;2026-09-28;termination
E0003223;C002589;2026-09-28;activation
E0003230;C002596;2026-09-28;activation
E0003267;C001432;2026-09-29;termination
E0003288;C002240;2026-09-29;termination
E0003212;C002578;2026-09-29;activation
E0003213;C002579;2026-09-29;activation
E0003228;C002594;2026-09-29;activation
E0003248;C000732;2026-09-30;termination
E0003276;C001751;2026-09-30;termination
E0003278;C001864;2026-09-30;termination
E0003282;C001931;2026-09-30;termination
